,Mois,Qualité,Territoire,Production totale,Production nucléaire,Production thermique totale,Production thermique charbon,Production thermique fioul,Production thermique gaz,Production hydraulique,Production éolien,Production solaire,Production bio-énergies,Consommation totale,Solde exportateur,Echanges export,Echanges import,Echanges avec le Royaume-uni,Echanges avec l'Espagne,Echanges avec l'Italie,Echanges aves la Suisse,Echanges avec l'Allemagne et la Belgique
50,2013-01,Données définitives,Nouvelle-Aquitaine,5644,4801.0,187,,0,186,465,61,23,105,0,0.0,,,,,,,
51,2013-01,Données définitives,Auvergne-Rhône-Alpes,13119,9641.0,278,0.0,49,227,3047,66,14,71,0,0.0,,,,,,,
52,2013-01,Données définitives,Bourgogne-Franche-Comté,403,,244,75.0,0,168,121,21,2,13,0,0.0,,,,,,,
53,2013-01,Données définitives,Bretagne,246,,49,,1,48,56,118,3,18,0,0.0,,,,,,,
54,2013-01,Données définitives,Centre-Val de Loire,7965,7717.0,70,,2,67,24,122,3,27,0,,,,,,,,
55,2013-01,Données définitives,France,57739,42406.0,6301,2566.0,393,3342,6906,1326,146,654,53619,3484.0,6604.0,3120.0,493.0,91.0,1499.0,1666.0,-265.0
56,2013-01,Données définitives,Ile-de-France,870,,753,195.0,37,520,0,3,0,112,0,,,,,,,,
57,2013-01,Données définitives,Occitanie,3450,1853.0,76,,10,65,1214,208,34,63,0,,,,,,,,
58,2013-01,Données définitives,Normandie,8304,7473.0,677,392.0,47,238,15,87,1,48,0,,,,,,,,
59,2013-01,Données définitives,Hauts-de-France,4786,3660.0,797,118.0,0,678,1,267,1,57,0,,,,,,,,
60,2013-01,Données définitives,PACA,1941,,759,254.0,128,376,1079,12,38,52,0,,,,,,,,
61,2013-01,Données définitives,Pays-de-la-Loire,933,,817,600.0,22,193,1,75,7,30,0,,,,,,,,
63,2013-02,Données définitives,Nouvelle-Aquitaine,5313,4374.0,158,,6,152,570,70,42,96,0,0.0,,,,,,,
64,2013-02,Données définitives,Auvergne-Rhône-Alpes,11499,8309.0,233,0.0,56,175,2808,66,21,60,0,0.0,,,,,,,
65,2013-02,Données définitives,Bourgogne-Franche-Comté,378,,210,91.0,0,118,124,25,5,12,0,0.0,,,,,,,
66,2013-02,Données définitives,Bretagne,241,,45,,1,43,47,122,7,18,0,0.0,,,,,,,
67,2013-02,Données définitives,Centre-Val de Loire,7261,6992.0,57,,2,54,27,150,7,26,0,,,,,,,,
68,2013-02,Données définitives,France,52257,36754.0,6357,2667.0,397,3293,6858,1463,230,595,49639,2132.0,5850.0,3718.0,465.0,-306.0,1545.0,1563.0,-1135.0
69,2013-02,Données définitives,Ile-de-France,779,,668,141.0,41,484,0,3,2,105,0,,,,,,,,
70,2013-02,Données définitives,Occitanie,3491,1712.0,55,,-4,59,1406,209,53,55,0,,,,,,,,
71,2013-02,Données définitives,Normandie,7152,6322.0,678,370.0,44,263,11,89,3,45,0,,,,,,,,
72,2013-02,Données définitives,Hauts-de-France,4072,2956.0,776,106.0,0,668,1,283,4,50,0,,,,,,,,
73,2013-02,Données définitives,PACA,1817,,626,256.0,117,252,1085,12,46,47,0,,,,,,,,
74,2013-02,Données définitives,Pays-de-la-Loire,1046,,906,611.0,44,250,1,96,14,28,0,,,,,,,,
76,2013-03,Données définitives,Nouvelle-Aquitaine,5255,4399.0,155,,6,149,454,67,68,110,0,0.0,,,,,,,
77,2013-03,Données définitives,Auvergne-Rhône-Alpes,11129,8164.0,214,0.0,56,156,2582,62,34,70,0,0.0,,,,,,,
78,2013-03,Données définitives,Bourgogne-Franche-Comté,339,,209,83.0,0,124,84,21,10,13,0,0.0,,,,,,,
79,2013-03,Données définitives,Bretagne,249,,49,,2,47,50,120,10,19,0,0.0,,,,,,,
80,2013-03,Données définitives,Centre-Val de Loire,7083,6836.0,61,,2,59,16,125,11,31,0,,,,,,,,
81,2013-03,Données définitives,France,51882,36785.0,6270,2833.0,422,3015,6488,1352,344,642,49480,1733.0,6003.0,4270.0,566.0,-636.0,1170.0,1513.0,-880.0
82,2013-03,Données définitives,Ile-de-France,886,,769,242.0,61,466,3,2,3,106,0,,,,,,,,
83,2013-03,Données définitives,Occitanie,3648,1798.0,86,,24,62,1437,186,76,62,0,,,,,,,,
84,2013-03,Données définitives,Normandie,7126,6283.0,701,384.0,48,268,15,73,5,45,0,,,,,,,,
85,2013-03,Données définitives,Hauts-de-France,3669,2590.0,738,118.0,0,619,1,275,7,55,0,,,,,,,,
86,2013-03,Données définitives,PACA,1875,,738,403.0,123,210,1032,10,56,37,0,,,,,,,,
87,2013-03,Données définitives,Pays-de-la-Loire,954,,811,554.0,37,218,1,86,21,33,0,,,,,,,,
89,2013-04,Données définitives,Nouvelle-Aquitaine,3548,2774.0,34,,4,29,509,56,82,91,0,0.0,,,,,,,
90,2013-04,Données définitives,Auvergne-Rhône-Alpes,10532,7410.0,34,0.0,31,3,2948,55,39,42,0,0.0,,,,,,,
91,2013-04,Données définitives,Bourgogne-Franche-Comté,178,,33,2.0,0,29,96,25,14,8,0,0.0,,,,,,,
92,2013-04,Données définitives,Bretagne,239,,2,,1,0,41,166,16,12,0,0.0,,,,,,,
93,2013-04,Données définitives,Centre-Val de Loire,5652,5454.0,2,,0,2,23,135,17,20,0,,,,,,,,
94,2013-04,Données définitives,France,44117,31497.0,2984,1550.0,287,1146,7242,1490,434,469,40292,3211.0,6380.0,3168.0,819.0,-464.0,1015.0,1283.0,559.0
95,2013-04,Données définitives,Ile-de-France,291,,194,113.0,30,49,4,3,6,82,0,,,,,,,,
96,2013-04,Données définitives,Occitanie,3411,1728.0,0,,0,0,1374,183,86,39,0,,,,,,,,
97,2013-04,Données définitives,Normandie,5919,5305.0,457,251.0,44,161,14,93,10,37,0,,,,,,,,
98,2013-04,Données définitives,Hauts-de-France,2902,2162.0,382,55.0,0,326,1,300,12,43,0,,,,,,,,
99,2013-04,Données définitives,PACA,1873,,475,175.0,103,196,1292,7,64,33,0,,,,,,,,
100,2013-04,Données définitives,Pays-de-la-Loire,609,,454,339.0,33,81,2,96,31,24,0,,,,,,,,
102,2013-05,Données définitives,Nouvelle-Aquitaine,3139,2364.0,20,,1,18,534,41,83,94,0,0.0,,,,,,,
103,2013-05,Données définitives,Auvergne-Rhône-Alpes,11456,7533.0,17,0.0,15,2,3745,56,51,51,0,0.0,,,,,,,
104,2013-05,Données définitives,Bourgogne-Franche-Comté,188,,20,0.0,0,21,121,18,15,11,0,0.0,,,,,,,
105,2013-05,Données définitives,Bretagne,186,,2,,2,0,36,114,18,15,0,0.0,,,,,,,
106,2013-05,Données définitives,Centre-Val de Loire,5699,5523.0,1,,0,1,25,101,18,29,0,,,,,,,,
107,2013-05,Données définitives,France,43377,31171.0,1403,572.0,230,601,8607,1155,503,537,36821,5722.0,7689.0,1969.0,1073.0,512.0,1159.0,1090.0,1886.0
108,2013-05,Données définitives,Ile-de-France,141,,39,23.0,15,0,0,2,6,92,0,,,,,,,,
109,2013-05,Données définitives,Occitanie,3672,1750.0,-2,,-2,0,1544,214,106,58,0,,,,,,,,
110,2013-05,Données définitives,Normandie,5021,4529.0,368,157.0,47,163,8,68,10,36,0,,,,,,,,
111,2013-05,Données définitives,Hauts-de-France,2988,2473.0,216,23.0,0,191,1,233,12,52,0,,,,,,,,
112,2013-05,Données définitives,PACA,1931,,260,50.0,100,109,1538,10,89,32,0,,,,,,,,
113,2013-05,Données définitives,Pays-de-la-Loire,327,,197,182.0,12,2,1,66,34,27,0,,,,,,,,
115,2013-06,Données définitives,Nouvelle-Aquitaine,3521,2820.0,19,,2,17,456,37,90,96,0,0.0,,,,,,,
116,2013-06,Données définitives,Auvergne-Rhône-Alpes,9750,6291.0,32,0.0,32,0,3252,65,60,48,0,0.0,,,,,,,
117,2013-06,Données définitives,Bourgogne-Franche-Comté,147,,20,0.0,0,20,81,18,19,7,0,0.0,,,,,,,
118,2013-06,Données définitives,Bretagne,177,,1,,1,0,42,101,18,15,0,0.0,,,,,,,
119,2013-06,Données définitives,Centre-Val de Loire,4883,4720.0,1,,0,1,11,102,20,27,0,,,,,,,,
120,2013-06,Données définitives,France,39337,28619.0,1111,388.0,261,463,7375,1160,563,508,32973,5627.0,7193.0,1564.0,928.0,543.0,1289.0,1188.0,1681.0
121,2013-06,Données définitives,Ile-de-France,192,,90,76.0,12,1,3,2,7,89,0,,,,,,,,
122,2013-06,Données définitives,Occitanie,3082,1512.0,10,,10,0,1188,199,115,56,0,,,,,,,,
123,2013-06,Données définitives,Normandie,5141,4824.0,200,21.0,44,134,8,66,11,29,0,,,,,,,,
124,2013-06,Données définitives,Hauts-de-France,3128,2628.0,191,16.0,0,174,1,244,13,48,0,,,,,,,,
125,2013-06,Données définitives,PACA,1643,,153,2.0,92,58,1350,11,99,28,0,,,,,,,,
126,2013-06,Données définitives,Pays-de-la-Loire,285,,163,144.0,18,1,0,59,35,26,0,,,,,,,,
128,2013-07,Données définitives,Nouvelle-Aquitaine,3259,2698.0,19,,3,16,279,46,119,96,0,0.0,,,,,,,
129,2013-07,Données définitives,Auvergne-Rhône-Alpes,9153,6045.0,26,0.0,26,0,2929,36,69,47,0,0.0,,,,,,,
130,2013-07,Données définitives,Bourgogne-Franche-Comté,113,,19,0.0,0,19,45,17,23,7,0,0.0,,,,,,,
131,2013-07,Données définitives,Bretagne,167,,1,,1,0,34,87,22,21,0,0.0,,,,,,,
132,2013-07,Données définitives,Centre-Val de Loire,5463,5307.0,1,,0,1,3,96,25,29,0,,,,,,,,
133,2013-07,Données définitives,France,40850,30694.0,1636,860.0,302,474,6407,877,658,577,34751,5453.0,6975.0,1522.0,1401.0,521.0,963.0,1372.0,1196.0
134,2013-07,Données définitives,Ile-de-France,213,,81,65.0,15,0,6,2,9,113,0,,,,,,,,
135,2013-07,Données définitives,Occitanie,2874,1534.0,-2,,-2,0,1075,76,134,57,0,,,,,,,,
136,2013-07,Données définitives,Normandie,6070,5583.0,379,190.0,47,141,10,47,14,35,0,,,,,,,,
137,2013-07,Données définitives,Hauts-de-France,3617,3116.0,256,54.0,0,201,1,170,17,56,0,,,,,,,,
138,2013-07,Données définitives,PACA,1390,,148,24.0,97,27,1084,4,101,51,0,,,,,,,,
139,2013-07,Données définitives,Pays-de-la-Loire,304,,167,154.0,13,0,0,64,43,27,0,,,,,,,,
141,2013-08,Données définitives,Nouvelle-Aquitaine,3608,3256.0,17,,0,17,96,30,107,100,0,0.0,,,,,,,
142,2013-08,Données définitives,Auvergne-Rhône-Alpes,8779,6479.0,27,0.0,27,0,2108,47,64,52,0,0.0,,,,,,,
143,2013-08,Données définitives,Bourgogne-Franche-Comté,104,,26,7.0,0,18,34,11,21,10,0,0.0,,,,,,,
144,2013-08,Données définitives,Bretagne,145,,1,,1,0,39,60,20,24,0,0.0,,,,,,,
145,2013-08,Données définitives,Centre-Val de Loire,4385,4260.0,1,,0,1,2,66,23,32,0,,,,,,,,
146,2013-08,Données définitives,France,38428,29908.0,2044,1197.0,285,562,4551,739,602,584,31591,6171.0,7409.0,1238.0,1199.0,674.0,905.0,1705.0,1688.0
147,2013-08,Données définitives,Ile-de-France,206,,90,89.0,0,0,5,1,8,100,0,,,,,,,,
148,2013-08,Données définitives,Occitanie,1858,768.0,-2,,-2,0,780,138,115,57,0,,,,,,,,
149,2013-08,Données définitives,Normandie,6713,6270.0,339,164.0,39,135,10,41,12,37,0,,,,,,,,
150,2013-08,Données définitives,Hauts-de-France,3148,2653.0,280,40.0,0,239,0,144,14,55,0,,,,,,,,
151,2013-08,Données définitives,PACA,1209,,280,143.0,92,45,768,7,99,52,0,,,,,,,,
152,2013-08,Données définitives,Pays-de-la-Loire,520,,406,390.0,15,0,0,46,42,26,0,,,,,,,,
154,2013-09,Données définitives,Nouvelle-Aquitaine,4057,3718.0,18,,0,18,108,40,79,92,0,0.0,,,,,,,
155,2013-09,Données définitives,Auvergne-Rhône-Alpes,8236,6236.0,40,0.0,31,9,1810,50,48,50,0,0.0,,,,,,,
156,2013-09,Données définitives,Bourgogne-Franche-Comté,209,,51,31.0,0,19,113,17,15,11,0,0.0,,,,,,,
157,2013-09,Données définitives,Bretagne,140,,1,,1,0,38,67,14,18,0,0.0,,,,,,,
158,2013-09,Données définitives,Centre-Val de Loire,4336,4201.0,1,,0,1,0,90,15,27,0,,,,,,,,
159,2013-09,Données définitives,France,38604,29758.0,2784,1712.0,262,810,4126,948,463,525,33195,4705.0,6854.0,2148.0,1171.0,397.0,1207.0,1136.0,795.0
160,2013-09,Données définitives,Ile-de-France,295,,204,188.0,13,1,5,2,5,77,0,,,,,,,,
161,2013-09,Données définitives,Occitanie,2446,1525.0,-2,,-2,0,611,160,98,53,0,,,,,,,,
162,2013-09,Données définitives,Normandie,6200,5722.0,374,215.0,37,121,10,50,8,33,0,,,,,,,,
163,2013-09,Données définitives,Hauts-de-France,3020,2553.0,235,16.0,0,218,0,167,10,53,0,,,,,,,,
164,2013-09,Données définitives,PACA,1304,,409,230.0,92,86,750,7,83,52,0,,,,,,,,
165,2013-09,Données définitives,Pays-de-la-Loire,643,,534,521.0,13,0,0,57,29,22,0,,,,,,,,
167,2013-10,Données définitives,Nouvelle-Aquitaine,4592,4136.0,42,,0,42,203,65,59,84,0,0.0,,,,,,,
168,2013-10,Données définitives,Auvergne-Rhône-Alpes,8876,6354.0,35,0.0,32,2,2315,81,30,58,0,0.0,,,,,,,
169,2013-10,Données définitives,Bourgogne-Franche-Comté,161,,30,7.0,0,22,76,31,10,12,0,0.0,,,,,,,
170,2013-10,Données définitives,Bretagne,217,,6,,3,3,39,136,10,24,0,0.0,,,,,,,
171,2013-10,Données définitives,Centre-Val de Loire,4701,4507.0,6,,2,4,5,136,10,36,0,,,,,,,,
172,2013-10,Données définitives,France,41761,31105.0,3262,1947.0,282,1032,4855,1612,320,607,37063,3873.0,6433.0,2560.0,878.0,285.0,1796.0,1177.0,-263.0
173,2013-10,Données définitives,Ile-de-France,323,,199,185.0,8,4,3,3,3,113,0,,,,,,,,
174,2013-10,Données définitives,Occitanie,2764,1742.0,1,,0,1,698,184,73,62,0,,,,,,,,
175,2013-10,Données définitives,Normandie,6568,5972.0,430,268.0,35,125,10,108,5,41,0,,,,,,,,
176,2013-10,Données définitives,Hauts-de-France,3844,3077.0,328,57.0,1,269,1,377,6,53,0,,,,,,,,
177,2013-10,Données définitives,PACA,1292,,421,225.0,107,88,763,8,55,42,0,,,,,,,,
178,2013-10,Données définitives,Pays-de-la-Loire,724,,586,530.0,20,35,0,88,19,29,0,,,,,,,,
180,2013-11,Données définitives,Nouvelle-Aquitaine,4260,3425.0,75,,0,74,533,93,30,102,0,0.0,,,,,,,
181,2013-11,Données définitives,Auvergne-Rhône-Alpes,10312,7085.0,149,0.0,38,109,2906,77,16,76,0,0.0,,,,,,,
182,2013-11,Données définitives,Bourgogne-Franche-Comté,268,,126,35.0,0,90,82,39,5,14,0,0.0,,,,,,,
183,2013-11,Données définitives,Bretagne,263,,53,,1,52,38,141,5,23,0,0.0,,,,,,,
184,2013-11,Données définitives,Centre-Val de Loire,6099,5793.0,52,,2,49,19,192,5,36,0,,,,,,,,
185,2013-11,Données définitives,France,48527,34630.0,4877,2095.0,315,2467,6365,1809,183,663,45310,2381.0,5870.0,3488.0,949.0,-277.0,1462.0,1129.0,-881.0
186,2013-11,Données définitives,Ile-de-France,569,,457,171.0,15,270,0,4,1,105,0,,,,,,,,
187,2013-11,Données définitives,Occitanie,2836,1325.0,38,,-4,42,1117,246,42,66,0,,,,,,,,
188,2013-11,Données définitives,Normandie,7104,6384.0,555,284.0,36,234,7,105,3,48,0,,,,,,,,
189,2013-11,Données définitives,Hauts-de-France,4317,3228.0,682,86.0,1,595,1,335,2,66,0,,,,,,,,
190,2013-11,Données définitives,PACA,1466,,551,233.0,128,190,824,13,39,37,0,,,,,,,,
191,2013-11,Données définitives,Pays-de-la-Loire,864,,702,514.0,20,167,1,117,11,30,0,,,,,,,,
193,2013-12,Données définitives,Nouvelle-Aquitaine,3847,3172.0,81,,0,81,355,101,42,94,0,0.0,,,,,,,
194,2013-12,Données définitives,Auvergne-Rhône-Alpes,12264,9398.0,159,0.0,36,122,2526,79,22,78,0,0.0,,,,,,,
195,2013-12,Données définitives,Bourgogne-Franche-Comté,219,,78,0.0,0,79,81,37,6,14,0,0.0,,,,,,,
196,2013-12,Données définitives,Bretagne,306,,59,,0,58,48,168,5,24,0,0.0,,,,,,,
197,2013-12,Données définitives,Centre-Val de Loire,7310,7002.0,56,,2,53,12,193,7,37,0,,,,,,,,
198,2013-12,Données définitives,France,53564,40422.0,4545,1512.0,359,2675,5688,2011,216,680,50108,2653.0,6097.0,3442.0,535.0,366.0,1344.0,1666.0,-1256.0
199,2013-12,Données définitives,Ile-de-France,568,,440,123.0,21,295,2,5,1,118,0,,,,,,,,
200,2013-12,Données définitives,Occitanie,3297,1846.0,48,,1,46,1095,188,52,65,0,,,,,,,,
201,2013-12,Données définitives,Normandie,8105,7391.0,519,235.0,40,243,11,135,3,43,0,,,,,,,,
202,2013-12,Données définitives,Hauts-de-France,5233,4023.0,673,48.0,1,623,1,462,3,67,0,,,,,,,,
203,2013-12,Données définitives,PACA,1296,,358,55.0,134,169,844,10,38,43,0,,,,,,,,
204,2013-12,Données définitives,Pays-de-la-Loire,798,,622,408.0,18,196,1,128,12,33,0,,,,,,,,
206,2014-01,Données définitives,Nouvelle-Aquitaine,4688,3871.0,77,,0,77,520,98,30,89,4501,187.0,,,,,,,
207,2014-01,Données définitives,Auvergne-Rhône-Alpes,13001,9578.0,139,0.0,35,103,3116,75,18,74,6693,5858.0,,,,,,,
208,2014-01,Données définitives,Bourgogne-Franche-Comté,301,,89,0.0,0,90,153,38,5,13,2158,-1857.0,,,,,,,
209,2014-01,Données définitives,Bretagne,345,,60,,0,59,57,200,5,21,2390,-2050.0,,,,,,,
210,2014-01,Données définitives,Centre-Val de Loire,8353,8017.0,55,,0,55,23,214,5,36,2034,6318.0,,,,,,,
211,2014-01,Données définitives,France,55975,42697.0,3183,966.0,273,1943,7072,2193,176,652,49359,5679.0,7871.0,2191.0,1405.0,-254.0,1757.0,2160.0,611.0
212,2014-01,Données définitives,Ile-de-France,455,,337,107.0,4,226,1,5,1,109,7612,-7156.0,,,,,,,
213,2014-01,Données définitives,Occitanie,3517,1795.0,46,,-3,50,1384,189,40,61,3831,-526.0,,,,,,,
214,2014-01,Données définitives,Normandie,7972,7354.0,402,118.0,43,239,16,156,2,39,2869,5102.0,,,,,,,
215,2014-01,Données définitives,Hauts-de-France,5111,4008.0,502,52.0,0,448,1,525,2,70,5239,-128.0,,,,,,,
216,2014-01,Données définitives,PACA,1389,,305,53.0,125,126,989,8,34,51,4314,-2931.0,,,,,,,
217,2014-01,Données définitives,Pays-de-la-Loire,563,,377,233.0,18,124,2,144,9,29,2875,-2312.0,,,,,,,
219,2014-02,Données définitives,Nouvelle-Aquitaine,4762,3811.0,88,,6,81,595,128,48,91,4184,578.0,,,,,,,
220,2014-02,Données définitives,Auvergne-Rhône-Alpes,11323,8105.0,125,0.0,33,91,2916,80,26,69,6013,4940.0,,,,,,,
221,2014-02,Données définitives,Bourgogne-Franche-Comté,238,,66,0.0,0,66,100,51,8,12,1940,-1702.0,,,,,,,
222,2014-02,Données définitives,Bretagne,347,,52,,1,51,49,218,8,19,2160,-1816.0,,,,,,,
223,2014-02,Données définitives,Centre-Val de Loire,7353,6956.0,54,,0,54,28,272,9,32,1837,5516.0,,,,,,,
224,2014-02,Données définitives,France,49555,36396.0,2699,717.0,277,1704,7108,2484,262,604,44580,4138.0,6705.0,2567.0,1278.0,-633.0,1818.0,1740.0,-66.0
225,2014-02,Données définitives,Ile-de-France,307,,192,16.0,-1,177,0,6,2,104,6749,-6442.0,,,,,,,
226,2014-02,Données définitives,Occitanie,3670,1642.0,43,,-3,46,1670,198,61,54,3467,5.0,,,,,,,
227,2014-02,Données définitives,Normandie,5807,5173.0,407,144.0,43,219,15,166,5,39,2600,3206.0,,,,,,,
228,2014-02,Données définitives,Hauts-de-France,4414,3343.0,440,39.0,0,399,1,561,5,62,4692,-278.0,,,,,,,
229,2014-02,Données définitives,PACA,1347,,239,-2.0,133,107,1014,8,44,41,3931,-2585.0,,,,,,,
230,2014-02,Données définitives,Pays-de-la-Loire,366,,141,19.0,18,103,2,179,17,26,2618,-2251.0,,,,,,,
232,2014-03,Données définitives,Nouvelle-Aquitaine,5161,4284.0,92,,6,85,549,57,93,85,3993,1168.0,,,,,,,
233,2014-03,Données définitives,Auvergne-Rhône-Alpes,10828,7702.0,139,1.0,33,104,2781,70,59,75,5965,4504.0,,,,,,,
234,2014-03,Données définitives,Bourgogne-Franche-Comté,217,,74,0.0,0,75,83,25,19,15,1891,-1673.0,,,,,,,
235,2014-03,Données définitives,Bretagne,264,,58,,1,56,56,110,15,24,2084,-1823.0,,,,,,,
236,2014-03,Données définitives,Centre-Val de Loire,7392,7153.0,47,,0,47,20,113,20,37,1736,5656.0,,,,,,,
237,2014-03,Données définitives,France,48290,35797.0,2974,1023.0,289,1661,7034,1294,534,655,43104,4354.0,7144.0,2789.0,979.0,-192.0,1836.0,1575.0,155.0
238,2014-03,Données définitives,Ile-de-France,406,,280,73.0,19,188,4,2,6,112,6509,-6102.0,,,,,,,
239,2014-03,Données définitives,Occitanie,3984,1827.0,49,,-1,51,1705,220,116,64,3306,491.0,,,,,,,
240,2014-03,Données définitives,Normandie,5183,4639.0,403,131.0,44,227,16,74,10,39,2532,2651.0,,,,,,,
241,2014-03,Données définitives,Hauts-de-France,3908,3138.0,428,32.0,0,395,1,259,11,68,4608,-700.0,,,,,,,
242,2014-03,Données définitives,PACA,1471,,196,-1.0,114,82,1124,8,91,50,3694,-2227.0,,,,,,,
243,2014-03,Données définitives,Pays-de-la-Loire,661,,516,383.0,18,113,2,81,33,27,2495,-1833.0,,,,,,,
245,2014-04,Données définitives,Nouvelle-Aquitaine,4667,4008.0,24,,4,19,374,58,107,93,3237,1429.0,,,,,,,
246,2014-04,Données définitives,Auvergne-Rhône-Alpes,9143,6649.0,25,0.0,23,1,2287,57,65,57,5139,3705.0,,,,,,,
247,2014-04,Données définitives,Bourgogne-Franche-Comté,102,,19,0.0,0,19,32,19,20,11,1621,-1518.0,,,,,,,
248,2014-04,Données définitives,Bretagne,182,,1,,0,0,38,103,17,22,1746,-1565.0,,,,,,,
249,2014-04,Données définitives,Centre-Val de Loire,6551,6402.0,0,,0,0,6,90,20,31,1486,5065.0,,,,,,,
250,2014-04,Données définitives,France,40826,31208.0,1539,767.0,230,541,5860,1057,584,576,36331,3821.0,6441.0,2619.0,1307.0,-162.0,1187.0,807.0,682.0
251,2014-04,Données définitives,Ile-de-France,206,,76,68.0,8,0,6,2,6,113,5396,-5190.0,,,,,,,
252,2014-04,Données définitives,Occitanie,3220,1561.0,1,,1,0,1291,189,125,50,2664,461.0,,,,,,,
253,2014-04,Données définitives,Normandie,5738,5451.0,179,-2.0,44,137,15,53,11,28,2169,3569.0,,,,,,,
254,2014-04,Données définitives,Hauts-de-France,2436,1968.0,214,7.0,0,206,1,186,13,52,4025,-1589.0,,,,,,,
255,2014-04,Données définitives,PACA,1442,,108,-1.0,88,21,1176,9,98,49,3064,-1627.0,,,,,,,
256,2014-04,Données définitives,Pays-de-la-Loire,494,,351,336.0,14,0,2,78,36,25,2099,-1604.0,,,,,,,
258,2014-05,Données définitives,Nouvelle-Aquitaine,4222,3523.0,20,,1,19,381,71,122,103,3100,1122.0,,,,,,,
259,2014-05,Données définitives,Auvergne-Rhône-Alpes,9448,6671.0,21,0.0,23,-1,2525,89,73,66,4858,4208.0,,,,,,,
260,2014-05,Données définitives,Bourgogne-Franche-Comté,138,,21,0.0,0,21,46,33,23,14,1565,-1427.0,,,,,,,
261,2014-05,Données définitives,Bretagne,201,,1,,1,0,48,103,21,25,1567,-1371.0,,,,,,,
262,2014-05,Données définitives,Centre-Val de Loire,6405,6191.0,0,,0,0,8,148,22,33,1349,5056.0,,,,,,,
263,2014-05,Données définitives,France,41872,31713.0,1099,368.0,214,515,6203,1531,681,643,34695,6255.0,7873.0,1618.0,1417.0,663.0,1214.0,1375.0,1583.0
264,2014-05,Données définitives,Ile-de-France,179,,46,44.0,2,0,5,3,8,115,5279,-5100.0,,,,,,,
265,2014-05,Données définitives,Occitanie,2500,859.0,-3,,-3,0,1197,237,147,61,2526,-263.0,,,,,,,
266,2014-05,Données définitives,Normandie,6679,6348.0,176,-2.0,42,136,16,83,13,41,2037,4641.0,,,,,,,
267,2014-05,Données définitives,Hauts-de-France,2940,2392.0,177,7.0,0,169,1,289,14,64,3955,-1015.0,,,,,,,
268,2014-05,Données définitives,PACA,1424,,146,0.0,86,60,1103,11,118,44,2948,-1531.0,,,,,,,
269,2014-05,Données définitives,Pays-de-la-Loire,338,,170,156.0,14,0,2,92,43,29,1920,-1581.0,,,,,,,
271,2014-06,Données définitives,Nouvelle-Aquitaine,4574,3982.0,18,,1,16,273,52,144,102,2930,1644.0,,,,,,,
272,2014-06,Données définitives,Auvergne-Rhône-Alpes,8705,6303.0,15,0.0,16,-1,2189,55,86,55,4621,3801.0,,,,,,,
273,2014-06,Données définitives,Bourgogne-Franche-Comté,92,,11,0.0,0,11,18,25,27,10,1446,-1353.0,,,,,,,
274,2014-06,Données définitives,Bretagne,168,,0,,0,0,43,77,24,22,1428,-1264.0,,,,,,,
275,2014-06,Données définitives,Centre-Val de Loire,6035,5870.0,1,,0,1,3,102,25,32,1234,4800.0,,,,,,,
276,2014-06,Données définitives,France,39366,30994.0,1030,354.0,206,469,5057,961,763,559,32608,5967.0,7401.0,1434.0,1075.0,668.0,1362.0,1419.0,1440.0
277,2014-06,Données définitives,Ile-de-France,149,,47,48.0,0,0,3,2,9,86,4815,-4666.0,,,,,,,
278,2014-06,Données définitives,Occitanie,2192,817.0,-1,,-1,0,1029,140,164,42,2484,-534.0,,,,,,,
279,2014-06,Données définitives,Normandie,6237,5974.0,154,-2.0,39,117,11,41,15,39,1844,4392.0,,,,,,,
280,2014-06,Données définitives,Hauts-de-France,2472,2054.0,187,20.0,0,166,0,147,16,64,3669,-1197.0,,,,,,,
281,2014-06,Données définitives,PACA,1042,,86,-2.0,75,13,797,5,116,36,2901,-1866.0,,,,,,,
282,2014-06,Données définitives,Pays-de-la-Loire,309,,167,149.0,17,0,1,61,49,29,1809,-1500.0,,,,,,,
284,2014-07,Données définitives,Nouvelle-Aquitaine,3973,3446.0,18,,3,15,239,38,132,97,3123,850.0,,,,,,,
285,2014-07,Données définitives,Auvergne-Rhône-Alpes,9473,6380.0,25,0.0,26,0,2880,53,68,64,4823,4305.0,,,,,,,
286,2014-07,Données définitives,Bourgogne-Franche-Comté,152,,10,0.0,0,10,85,20,20,15,1499,-1346.0,,,,,,,
287,2014-07,Données définitives,Bretagne,163,,1,,1,0,47,65,23,25,1501,-1343.0,,,,,,,
288,2014-07,Données définitives,Centre-Val de Loire,6305,6157.0,1,,0,1,4,84,23,34,1289,5016.0,,,,,,,
289,2014-07,Données définitives,France,42722,33394.0,854,156.0,268,429,6198,956,689,629,33935,7928.0,8571.0,643.0,1417.0,694.0,1366.0,2001.0,2448.0
290,2014-07,Données définitives,Ile-de-France,126,,1,0.0,1,0,3,1,7,110,4889,-4763.0,,,,,,,
291,2014-07,Données définitives,Occitanie,2245,927.0,0,,0,0,912,203,149,53,2585,-535.0,,,,,,,
292,2014-07,Données définitives,Normandie,6817,6549.0,158,-1.0,43,116,10,47,14,37,1900,4916.0,,,,,,,
293,2014-07,Données définitives,Hauts-de-France,2837,2387.0,197,-1.0,0,198,0,170,14,65,3740,-903.0,,,,,,,
294,2014-07,Données définitives,PACA,1313,,95,3.0,86,4,1036,9,121,51,3167,-1861.0,,,,,,,
295,2014-07,Données définitives,Pays-de-la-Loire,267,,133,118.0,14,0,0,55,45,31,1894,-1627.0,,,,,,,
297,2014-08,Données définitives,Nouvelle-Aquitaine,2682,2234.0,17,,0,17,158,37,135,98,2893,-210.0,,,,,,,
298,2014-08,Données définitives,Auvergne-Rhône-Alpes,9052,6357.0,24,0.0,25,-1,2487,38,76,68,4299,4447.0,,,,,,,
299,2014-08,Données définitives,Bourgogne-Franche-Comté,142,,11,0.0,0,11,73,21,21,15,1290,-1147.0,,,,,,,
300,2014-08,Données définitives,Bretagne,171,,0,,0,0,47,76,19,27,1437,-1270.0,,,,,,,
301,2014-08,Données définitives,Centre-Val de Loire,5330,5178.0,0,,0,0,5,88,22,34,1170,4160.0,,,,,,,
302,2014-08,Données définitives,France,39407,30989.0,803,79.0,262,461,5314,976,694,627,31004,7606.0,8351.0,744.0,1429.0,812.0,1194.0,1909.0,2260.0
303,2014-08,Données définitives,Ile-de-France,116,,0,-1.0,1,0,5,2,7,102,4355,-4238.0,,,,,,,
304,2014-08,Données définitives,Occitanie,2165,1104.0,-2,,-2,0,743,116,150,52,2497,-557.0,,,,,,,
305,2014-08,Données définitives,Normandie,6515,6216.0,164,-1.0,41,124,13,65,12,42,1793,4721.0,,,,,,,
306,2014-08,Données définitives,Hauts-de-France,3188,2627.0,237,-1.0,0,238,1,241,13,66,3393,-204.0,,,,,,,
307,2014-08,Données définitives,PACA,1088,,120,18.0,81,20,781,5,128,52,3044,-1959.0,,,,,,,
308,2014-08,Données définitives,Pays-de-la-Loire,198,,74,61.0,12,0,1,54,40,26,1693,-1495.0,,,,,,,
310,2014-09,Données définitives,Nouvelle-Aquitaine,3237,2802.0,15,,0,15,129,49,142,98,2961,275.0,,,,,,,
311,2014-09,Données définitives,Auvergne-Rhône-Alpes,9236,7441.0,39,0.0,36,3,1570,48,68,66,4716,4209.0,,,,,,,
312,2014-09,Données définitives,Bourgogne-Franche-Comté,135,,12,0.0,0,12,66,19,21,15,1480,-1344.0,,,,,,,
313,2014-09,Données définitives,Bretagne,135,,0,,0,0,42,48,19,23,1476,-1344.0,,,,,,,
314,2014-09,Données définitives,Centre-Val de Loire,4875,4743.0,0,,0,0,2,73,22,33,1296,3579.0,,,,,,,
315,2014-09,Données définitives,France,39183,31938.0,1516,690.0,278,547,3775,728,640,584,33266,5121.0,7830.0,2708.0,1268.0,755.0,1734.0,648.0,714.0
316,2014-09,Données définitives,Ile-de-France,214,,111,100.0,10,0,4,1,7,89,4874,-4659.0,,,,,,,
317,2014-09,Données définitives,Occitanie,2290,1434.0,5,,4,0,564,104,133,47,2551,-452.0,,,,,,,
318,2014-09,Données définitives,Normandie,5686,5422.0,163,-2.0,36,129,10,30,12,47,1899,3787.0,,,,,,,
319,2014-09,Données définitives,Hauts-de-France,2951,2544.0,218,9.0,0,208,0,119,11,57,3783,-831.0,,,,,,,
320,2014-09,Données définitives,PACA,950,,191,105.0,82,3,613,7,98,39,2922,-1972.0,,,,,,,
321,2014-09,Données définitives,Pays-de-la-Loire,419,,297,283.0,14,0,0,48,41,30,1806,-1386.0,,,,,,,
323,2014-10,Données définitives,Nouvelle-Aquitaine,3333,2855.0,24,,0,24,175,61,112,103,3150,183.0,,,,,,,
324,2014-10,Données définitives,Auvergne-Rhône-Alpes,9205,7349.0,74,0.0,38,35,1617,52,51,60,5085,3755.0,,,,,,,
325,2014-10,Données définitives,Bourgogne-Franche-Comté,108,,13,0.0,0,13,40,27,13,12,1669,-1561.0,,,,,,,
326,2014-10,Données définitives,Bretagne,204,,5,,3,1,46,117,11,24,1643,-1443.0,,,,,,,
327,2014-10,Données définitives,Centre-Val de Loire,5793,5619.0,3,,0,3,8,111,14,35,1461,4331.0,,,,,,,
328,2014-10,Données définitives,France,41312,32803.0,2385,1076.0,322,987,3785,1277,479,580,36301,4108.0,8049.0,3941.0,937.0,505.0,2272.0,543.0,-151.0
329,2014-10,Données définitives,Ile-de-France,287,,177,151.0,22,3,5,2,4,97,5535,-5248.0,,,,,,,
330,2014-10,Données définitives,Occitanie,1692,777.0,4,,3,0,610,133,112,55,2549,-1083.0,,,,,,,
331,2014-10,Données définitives,Normandie,6284,5967.0,181,-2.0,33,150,11,95,7,20,2150,4133.0,,,,,,,
332,2014-10,Données définitives,Hauts-de-France,3759,3038.0,340,73.0,0,266,0,319,7,52,4179,-419.0,,,,,,,
333,2014-10,Données définitives,PACA,1127,,411,187.0,90,133,582,8,79,45,2996,-1869.0,,,,,,,
334,2014-10,Données définitives,Pays-de-la-Loire,426,,296,242.0,45,8,0,70,26,32,1987,-1561.0,,,,,,,
336,2014-11,Données définitives,Nouvelle-Aquitaine,4133,3532.0,81,,0,80,263,89,57,109,3592,540.0,,,,,,,
337,2014-11,Données définitives,Auvergne-Rhône-Alpes,9949,7339.0,208,0.0,34,173,2228,67,25,79,5643,3909.0,,,,,,,
338,2014-11,Données définitives,Bourgogne-Franche-Comté,196,,82,0.0,0,82,55,36,7,14,1807,-1611.0,,,,,,,
339,2014-11,Données définitives,Bretagne,267,,57,,0,57,52,125,6,26,1899,-1635.0,,,,,,,
340,2014-11,Données définitives,Centre-Val de Loire,7382,7139.0,52,,0,52,9,136,7,38,1644,5738.0,,,,,,,
341,2014-11,Données définitives,France,47114,36290.0,3500,944.0,316,2239,4906,1503,244,669,40617,5573.0,8370.0,2796.0,1362.0,462.0,1984.0,1186.0,577.0
342,2014-11,Données définitives,Ile-de-France,430,,323,63.0,19,240,5,2,2,95,6255,-5824.0,,,,,,,
343,2014-11,Données définitives,Occitanie,1845,800.0,49,,4,44,687,186,55,64,2940,-1310.0,,,,,,,
344,2014-11,Données définitives,Normandie,6253,5842.0,263,-2.0,33,232,9,96,4,37,2435,3817.0,,,,,,,
345,2014-11,Données définitives,Hauts-de-France,4341,3435.0,522,54.0,1,466,1,306,4,70,4514,-173.0,,,,,,,
346,2014-11,Données définitives,PACA,1523,,584,179.0,117,287,842,7,40,49,3430,-1912.0,,,,,,,
347,2014-11,Données définitives,Pays-de-la-Loire,657,,507,348.0,26,131,2,101,14,32,2278,-1620.0,,,,,,,
349,2014-12,Données définitives,Nouvelle-Aquitaine,4968,4192.0,91,,0,91,451,76,44,111,4600,368.0,,,,,,,
350,2014-12,Données définitives,Auvergne-Rhône-Alpes,10687,8000.0,244,2.0,39,202,2269,74,17,79,6705,3657.0,,,,,,,
351,2014-12,Données définitives,Bourgogne-Franche-Comté,216,,72,0.0,0,72,70,55,3,14,2043,-1827.0,,,,,,,
352,2014-12,Données définitives,Bretagne,311,,76,,0,76,54,150,4,25,2318,-2011.0,,,,,,,
353,2014-12,Données définitives,Centre-Val de Loire,8745,8440.0,56,,0,56,17,190,4,36,2109,6635.0,,,,,,,
354,2014-12,Données définitives,France,54731,41633.0,4321,1228.0,313,2779,5772,2118,190,695,49350,4535.0,7829.0,3294.0,1263.0,244.0,1574.0,1094.0,358.0
355,2014-12,Données définitives,Ile-de-France,600,,485,176.0,4,304,4,4,1,105,7847,-7246.0,,,,,,,
356,2014-12,Données définitives,Occitanie,3007,1377.0,50,,0,49,1196,270,46,66,3947,-1128.0,,,,,,,
357,2014-12,Données définitives,Normandie,7635,7160.0,282,-3.0,34,250,9,135,2,45,2927,4708.0,,,,,,,
358,2014-12,Données définitives,Hauts-de-France,4885,3741.0,554,30.0,4,520,1,515,2,70,5151,-266.0,,,,,,,
359,2014-12,Données définitives,PACA,1944,,804,237.0,120,446,1030,15,42,51,4191,-2249.0,,,,,,,
360,2014-12,Données définitives,Pays-de-la-Loire,725,,574,359.0,16,198,2,105,9,32,2835,-2109.0,,,,,,,
362,2015-01,Données définitives,Nouvelle-Aquitaine,4861,4103.0,105,,0,105,377,97,54,121,4952,-91.0,,,,,,,
363,2015-01,Données définitives,Auvergne-Rhône-Alpes,12696,9616.0,242,6.0,39,196,2659,70,24,81,7123,5249.0,,,,,,,
364,2015-01,Données définitives,Bourgogne-Franche-Comté,312,,93,0.0,0,93,122,75,4,16,2137,-1825.0,,,,,,,
365,2015-01,Données définitives,Bretagne,353,,80,,0,80,58,183,5,25,2462,-2113.0,,,,,,,
366,2015-01,Données définitives,Centre-Val de Loire,8787,8445.0,57,,0,57,21,224,6,32,2177,6609.0,,,,,,,
367,2015-01,Données définitives,France,58310,43792.0,5049,1624.0,385,3039,6212,2299,251,704,52536,4922.0,7753.0,2830.0,1081.0,622.0,2001.0,1770.0,-553.0
368,2015-01,Données définitives,Ile-de-France,602,,500,200.0,0,299,2,4,1,93,8361,-7758.0,,,,,,,
369,2015-01,Données définitives,Occitanie,3322,1835.0,45,,-3,49,1085,230,62,62,4219,-1091.0,,,,,,,
370,2015-01,Données définitives,Normandie,8002,7500.0,292,-3.0,57,238,10,150,3,43,3048,4953.0,,,,,,,
371,2015-01,Données définitives,Hauts-de-France,5262,3892.0,746,118.0,2,626,1,534,3,83,5473,-211.0,,,,,,,
372,2015-01,Données définitives,PACA,1965,,816,213.0,122,480,1033,12,54,49,4519,-2559.0,,,,,,,
373,2015-01,Données définitives,Pays-de-la-Loire,957,,778,524.0,47,206,3,130,12,32,3051,-2093.0,,,,,,,
375,2015-02,Données définitives,Nouvelle-Aquitaine,4174,3351.0,101,,0,100,422,98,87,112,4573,-399.0,,,,,,,
376,2015-02,Données définitives,Auvergne-Rhône-Alpes,11739,8451.0,316,7.0,36,272,2798,66,33,72,6683,4814.0,,,,,,,
377,2015-02,Données définitives,Bourgogne-Franche-Comté,290,,101,0.0,0,101,103,61,10,13,2000,-1710.0,,,,,,,
378,2015-02,Données définitives,Bretagne,322,,76,,3,72,53,162,9,21,2342,-2024.0,,,,,,,
379,2015-02,Données définitives,Centre-Val de Loire,7988,7669.0,55,,0,54,23,197,10,32,2034,5954.0,,,,,,,
380,2015-02,Données définitives,France,52143,37483.0,5363,1712.0,339,3312,6381,1910,358,646,48676,2807.0,6358.0,3551.0,1006.0,-373.0,1821.0,1334.0,-982.0
381,2015-02,Données définitives,Ile-de-France,687,,596,220.0,23,352,2,4,3,81,7579,-6891.0,,,,,,,
382,2015-02,Données définitives,Occitanie,3460,1708.0,40,,-3,44,1353,219,79,59,3947,-600.0,,,,,,,
383,2015-02,Données définitives,Normandie,6472,6041.0,264,-6.0,47,223,12,108,5,40,2824,3648.0,,,,,,,
384,2015-02,Données définitives,Hauts-de-France,4933,3674.0,779,85.0,1,692,1,395,5,76,4976,-43.0,,,,,,,
385,2015-02,Données définitives,PACA,1906,,820,312.0,127,380,963,11,64,46,4222,-2317.0,,,,,,,
386,2015-02,Données définitives,Pays-de-la-Loire,986,,799,533.0,24,241,3,131,21,30,2857,-1870.0,,,,,,,
388,2015-03,Données définitives,Nouvelle-Aquitaine,4432,3477.0,101,,2,98,527,91,114,121,4213,219.0,,,,,,,
389,2015-03,Données définitives,Auvergne-Rhône-Alpes,11430,8230.0,247,6.0,40,200,2737,74,57,82,6326,4747.0,,,,,,,
390,2015-03,Données définitives,Bourgogne-Franche-Comté,287,,105,0.0,0,105,94,53,17,16,1808,-1520.0,,,,,,,
391,2015-03,Données définitives,Bretagne,340,,81,,2,79,53,163,14,27,2224,-1888.0,,,,,,,
392,2015-03,Données définitives,Centre-Val de Loire,8404,8092.0,56,,0,56,23,180,16,35,1860,6544.0,,,,,,,
393,2015-03,Données définitives,France,50683,36915.0,4023,1108.0,299,2616,6497,2005,537,705,45739,4103.0,7394.0,3290.0,1153.0,44.0,1790.0,1374.0,-258.0
394,2015-03,Données définitives,Ile-de-France,594,,494,173.0,10,310,4,3,5,86,7242,-6647.0,,,,,,,
395,2015-03,Données définitives,Occitanie,3665,1815.0,49,,2,46,1372,252,114,60,3450,84.0,,,,,,,
396,2015-03,Données définitives,Normandie,7003,6579.0,236,-5.0,46,195,14,115,9,48,2713,4290.0,,,,,,,
397,2015-03,Données définitives,Hauts-de-France,4694,3484.0,647,60.0,1,585,1,465,10,85,4929,-234.0,,,,,,,
398,2015-03,Données définitives,PACA,1593,,625,225.0,112,287,813,10,91,52,3868,-2276.0,,,,,,,
399,2015-03,Données définitives,Pays-de-la-Loire,629,,440,221.0,24,194,3,121,31,32,2675,-2046.0,,,,,,,
401,2015-04,Données définitives,Nouvelle-Aquitaine,3988,3195.0,40,,6,33,401,68,186,95,3278,709.0,,,,,,,
402,2015-04,Données définitives,Auvergne-Rhône-Alpes,10103,7275.0,130,4.0,39,86,2487,66,81,61,5283,4439.0,,,,,,,
403,2015-04,Données définitives,Bourgogne-Franche-Comté,203,,26,0.0,0,26,91,50,24,10,1670,-1467.0,,,,,,,
404,2015-04,Données définitives,Bretagne,200,,2,,2,0,46,104,21,25,1712,-1517.0,,,,,,,
405,2015-04,Données définitives,Centre-Val de Loire,6245,6027.0,0,,0,0,10,150,25,31,1438,4807.0,,,,,,,
406,2015-04,Données définitives,France,41509,31187.0,1734,548.0,252,932,5766,1452,782,585,36898,3896.0,7526.0,3629.0,1310.0,408.0,1337.0,741.0,98.0
407,2015-04,Données définitives,Ile-de-France,149,,50,45.0,2,3,4,2,8,82,5540,-5391.0,,,,,,,
408,2015-04,Données définitives,Occitanie,3165,1645.0,-2,,-2,0,1129,176,167,49,2686,461.0,,,,,,,
409,2015-04,Données définitives,Normandie,6006,5534.0,341,168.0,49,123,11,72,14,32,2184,3821.0,,,,,,,
410,2015-04,Données définitives,Hauts-de-France,3220,2483.0,333,28.0,1,303,1,317,15,69,4171,-951.0,,,,,,,
411,2015-04,Données définitives,PACA,1144,,310,82.0,83,144,658,8,120,46,3096,-1952.0,,,,,,,
412,2015-04,Données définitives,Pays-de-la-Loire,227,,65,-4.0,20,49,2,88,44,26,2074,-1847.0,,,,,,,
414,2015-05,Données définitives,Nouvelle-Aquitaine,2872,2081.0,13,,1,11,396,67,194,118,2959,-87.0,,,,,,,
415,2015-05,Données définitives,Auvergne-Rhône-Alpes,10145,6960.0,34,5.0,24,4,2907,86,91,65,4839,4922.0,,,,,,,
416,2015-05,Données définitives,Bourgogne-Franche-Comté,196,,19,0.0,0,19,83,51,25,16,1491,-1295.0,,,,,,,
417,2015-05,Données définitives,Bretagne,208,,0,,0,0,45,112,21,28,1587,-1383.0,,,,,,,
418,2015-05,Données définitives,Centre-Val de Loire,5743,5529.0,0,,0,0,10,139,27,35,1308,4434.0,,,,,,,
419,2015-05,Données définitives,France,40641,30329.0,747,34.0,242,471,6500,1580,843,638,33927,5782.0,8310.0,2527.0,1403.0,817.0,1389.0,641.0,1529.0
420,2015-05,Données définitives,Ile-de-France,96,,8,-1.0,10,0,3,2,8,72,5155,-5059.0,,,,,,,
421,2015-05,Données définitives,Occitanie,3283,1644.0,-2,,-2,0,1176,234,182,48,2453,609.0,,,,,,,
422,2015-05,Données définitives,Normandie,5169,4827.0,189,13.0,50,125,9,85,14,42,2050,3118.0,,,,,,,
423,2015-05,Données définitives,Hauts-de-France,3268,2574.0,245,1.0,1,243,1,350,15,80,3874,-605.0,,,,,,,
424,2015-05,Données définitives,PACA,1193,,127,-2.0,82,47,865,11,139,49,2836,-1642.0,,,,,,,
425,2015-05,Données définitives,Pays-de-la-Loire,175,,10,-4.0,15,0,1,89,48,25,1872,-1696.0,,,,,,,
427,2015-06,Données définitives,Nouvelle-Aquitaine,2631,2024.0,13,,2,10,191,46,235,120,2970,-338.0,,,,,,,
428,2015-06,Données définitives,Auvergne-Rhône-Alpes,10056,7200.0,45,4.0,35,5,2606,44,101,58,4848,4891.0,,,,,,,
429,2015-06,Données définitives,Bourgogne-Franche-Comté,122,,19,0.0,0,19,26,34,28,13,1501,-1381.0,,,,,,,
430,2015-06,Données définitives,Bretagne,196,,2,,2,0,45,97,27,24,1471,-1280.0,,,,,,,
431,2015-06,Données définitives,Centre-Val de Loire,6515,6331.0,1,,0,1,2,116,32,31,1349,5166.0,,,,,,,
432,2015-06,Données définitives,France,39927,30719.0,759,56.0,265,437,5641,1254,951,600,33256,5865.0,8422.0,2557.0,1320.0,751.0,1458.0,369.0,1965.0
433,2015-06,Données définitives,Ile-de-France,104,,10,0.0,6,4,5,2,10,74,4889,-4785.0,,,,,,,
434,2015-06,Données définitives,Occitanie,3002,1703.0,-2,,-2,0,920,137,198,45,2520,285.0,,,,,,,
435,2015-06,Données définitives,Normandie,4261,3949.0,178,-2.0,57,122,10,73,17,32,1896,2365.0,,,,,,,
436,2015-06,Données définitives,Hauts-de-France,3650,3040.0,196,3.0,0,192,0,315,19,77,3684,-33.0,,,,,,,
437,2015-06,Données définitives,PACA,1236,,158,16.0,75,66,881,6,139,50,2872,-1636.0,,,,,,,
438,2015-06,Données définitives,Pays-de-la-Loire,164,,7,-3.0,10,0,0,71,58,25,1810,-1646.0,,,,,,,
440,2015-07,Données définitives,Nouvelle-Aquitaine,2927,2414.0,29,,3,26,78,53,227,123,3278,-350.0,,,,,,,
441,2015-07,Données définitives,Auvergne-Rhône-Alpes,9703,7400.0,117,3.0,36,77,1952,57,106,70,5124,4350.0,,,,,,,
442,2015-07,Données définitives,Bourgogne-Franche-Comté,125,,18,0.0,0,18,18,42,29,15,1534,-1410.0,,,,,,,
443,2015-07,Données définitives,Bretagne,183,,1,,1,0,41,89,22,27,1509,-1330.0,,,,,,,
444,2015-07,Données définitives,Centre-Val de Loire,5727,5540.0,0,,0,0,0,120,30,35,1364,4363.0,,,,,,,
445,2015-07,Données définitives,France,41695,33272.0,1382,226.0,315,840,4044,1399,943,654,34912,6055.0,8563.0,2507.0,1366.0,668.0,1522.0,414.0,2084.0
446,2015-07,Données définitives,Ile-de-France,105,,12,0.0,6,6,3,2,9,77,4903,-4798.0,,,,,,,
447,2015-07,Données définitives,Occitanie,2727,1630.0,-2,,-2,0,650,189,196,62,2862,-311.0,,,,,,,
448,2015-07,Données définitives,Normandie,5060,4751.0,174,-2.0,49,127,8,75,14,36,1895,3165.0,,,,,,,
449,2015-07,Données définitives,Hauts-de-France,3879,3204.0,232,1.0,0,231,0,347,15,78,3645,233.0,,,,,,,
450,2015-07,Données définitives,PACA,1106,,309,117.0,79,113,584,6,149,56,3395,-2288.0,,,,,,,
451,2015-07,Données définitives,Pays-de-la-Loire,166,,15,-4.0,19,0,0,73,53,23,1896,-1729.0,,,,,,,
453,2015-08,Données définitives,Nouvelle-Aquitaine,3415,2968.0,18,,2,15,63,46,206,111,2945,469.0,,,,,,,
454,2015-08,Données définitives,Auvergne-Rhône-Alpes,9715,7848.0,41,0.0,30,11,1609,55,91,68,4508,4992.0,,,,,,,
455,2015-08,Données définitives,Bourgogne-Franche-Comté,115,,17,0.0,0,17,17,38,26,15,1338,-1227.0,,,,,,,
456,2015-08,Données définitives,Bretagne,180,,0,,0,0,48,83,20,28,1458,-1283.0,,,,,,,
457,2015-08,Données définitives,Centre-Val de Loire,5885,5718.0,0,,0,0,0,101,27,38,1212,4673.0,,,,,,,
458,2015-08,Données définitives,France,38939,31994.0,860,157.0,283,419,3439,1126,851,666,31603,6686.0,8175.0,1488.0,1342.0,688.0,1012.0,1151.0,2491.0
459,2015-08,Données définitives,Ile-de-France,110,,3,0.0,2,1,4,3,8,91,4437,-4326.0,,,,,,,
460,2015-08,Données définitives,Occitanie,1665,724.0,-2,,-2,0,539,154,181,67,2522,-1029.0,,,,,,,
461,2015-08,Données définitives,Normandie,4730,4422.0,195,24.0,48,122,8,54,13,35,1764,2966.0,,,,,,,
462,2015-08,Données définitives,Hauts-de-France,2967,2418.0,224,0.0,0,223,0,231,14,77,3318,-351.0,,,,,,,
463,2015-08,Données définitives,PACA,877,,94,-1.0,74,21,581,5,134,62,3175,-2297.0,,,,,,,
464,2015-08,Données définitives,Pays-de-la-Loire,244,,115,101.0,14,0,0,56,47,24,1736,-1491.0,,,,,,,
466,2015-09,Données définitives,Nouvelle-Aquitaine,4082,3519.0,34,,7,27,157,77,177,115,2971,1111.0,,,,,,,
467,2015-09,Données définitives,Auvergne-Rhône-Alpes,8018,6168.0,115,0.0,28,86,1519,70,73,70,4797,2973.0,,,,,,,
468,2015-09,Données définitives,Bourgogne-Franche-Comté,165,,15,0.0,0,15,49,64,21,14,1530,-1368.0,,,,,,,
469,2015-09,Données définitives,Bretagne,187,,0,,0,0,42,97,20,25,1499,-1316.0,,,,,,,
470,2015-09,Données définitives,Centre-Val de Loire,6810,6584.0,0,,0,0,0,164,23,36,1292,5517.0,,,,,,,
471,2015-09,Données définitives,France,39078,30643.0,1956,597.0,279,1079,3445,1674,715,641,33521,5005.0,7323.0,2317.0,1345.0,465.0,1679.0,486.0,1028.0
472,2015-09,Données définitives,Ile-de-France,111,,6,0.0,4,1,5,6,7,86,4957,-4845.0,,,,,,,
473,2015-09,Données définitives,Occitanie,1662,798.0,1,,1,0,487,164,151,59,2406,-820.0,,,,,,,
474,2015-09,Données définitives,Normandie,5042,4635.0,271,80.0,48,142,8,80,12,33,1964,3078.0,,,,,,,
475,2015-09,Données définitives,Hauts-de-France,3371,2590.0,350,3.0,2,343,0,346,11,71,3813,-441.0,,,,,,,
476,2015-09,Données définitives,PACA,1160,,294,67.0,78,148,691,10,113,51,2929,-1768.0,,,,,,,
477,2015-09,Données définitives,Pays-de-la-Loire,495,,327,246.0,12,69,0,95,44,27,1842,-1346.0,,,,,,,
479,2015-10,Données définitives,Nouvelle-Aquitaine,4848,4320.0,50,,9,41,163,74,141,97,3509,1339.0,,,,,,,
480,2015-10,Données définitives,Auvergne-Rhône-Alpes,8797,6646.0,181,0.0,43,137,1796,62,48,62,5606,2892.0,,,,,,,
481,2015-10,Données définitives,Bourgogne-Franche-Comté,132,,21,0.0,0,21,40,45,13,11,1795,-1666.0,,,,,,,
482,2015-10,Données définitives,Bretagne,194,,1,,0,0,45,110,12,24,1755,-1566.0,,,,,,,
483,2015-10,Données définitives,Centre-Val de Loire,5850,5685.0,2,,0,2,1,109,15,36,1540,4310.0,,,,,,,
484,2015-10,Données définitives,France,44511,34489.0,3692,1009.0,318,2364,3899,1292,512,624,39170,4693.0,7339.0,2646.0,831.0,481.0,1522.0,1374.0,482.0
485,2015-10,Données définitives,Ile-de-France,135,,24,1.0,16,7,6,3,4,96,6041,-5906.0,,,,,,,
486,2015-10,Données définitives,Occitanie,2719,1838.0,-2,,-3,0,545,171,113,53,2801,-124.0,,,,,,,
487,2015-10,Données définitives,Normandie,5902,5465.0,315,142.0,44,129,7,72,7,34,2290,3612.0,,,,,,,
488,2015-10,Données définitives,Hauts-de-France,4014,3179.0,514,4.0,1,507,0,241,7,72,4363,-348.0,,,,,,,
489,2015-10,Données définitives,PACA,1823,,881,211.0,93,576,797,8,82,52,3228,-1404.0,,,,,,,
490,2015-10,Données définitives,Pays-de-la-Loire,701,,553,329.0,32,191,0,88,29,30,2176,-1474.0,,,,,,,
492,2015-11,Données définitives,Nouvelle-Aquitaine,5034,4487.0,103,,7,95,136,88,96,121,3658,1375.0,,,,,,,
493,2015-11,Données définitives,Auvergne-Rhône-Alpes,9258,7192.0,300,5.0,45,250,1563,75,40,86,5829,3141.0,,,,,,,
494,2015-11,Données définitives,Bourgogne-Franche-Comté,231,,79,0.0,0,79,37,89,9,15,1890,-1662.0,,,,,,,
495,2015-11,Données définitives,Bretagne,339,,65,,1,64,44,195,6,26,1844,-1510.0,,,,,,,
496,2015-11,Données définitives,Centre-Val de Loire,6089,5757.0,52,,0,52,2,227,10,39,1607,4482.0,,,,,,,
497,2015-11,Données définitives,France,47560,35681.0,4657,798.0,442,3416,3571,2544,376,728,41085,5736.0,7926.0,2190.0,828.0,1080.0,2105.0,2010.0,-288.0
498,2015-11,Données définitives,Ile-de-France,464,,355,2.0,45,306,5,8,2,92,6252,-5787.0,,,,,,,
499,2015-11,Données définitives,Occitanie,2815,1666.0,94,,49,44,655,241,88,67,3114,-458.0,,,,,,,
500,2015-11,Données définitives,Normandie,6061,5339.0,503,221.0,53,228,6,168,4,39,2375,3686.0,,,,,,,
501,2015-11,Données définitives,Hauts-de-France,4541,3092.0,700,11.0,4,684,0,661,3,83,4506,34.0,,,,,,,
502,2015-11,Données définitives,PACA,1701,,902,160.0,120,621,652,10,74,61,3544,-1842.0,,,,,,,
503,2015-11,Données définitives,Pays-de-la-Loire,592,,418,148.0,22,247,0,124,15,32,2257,-1665.0,,,,,,,
505,2015-12,Données définitives,Nouvelle-Aquitaine,5059,4452.0,99,,5,93,164,111,94,137,4173,886.0,,,,,,,
506,2015-12,Données définitives,Auvergne-Rhône-Alpes,10027,7878.0,256,5.0,41,209,1698,69,33,89,6269,3304.0,,,,,,,
507,2015-12,Données définitives,Bourgogne-Franche-Comté,253,,82,0.0,0,82,57,87,8,16,2048,-1796.0,,,,,,,
508,2015-12,Données définitives,Bretagne,428,,100,,0,100,46,250,5,26,2041,-1617.0,,,,,,,
509,2015-12,Données définitives,Centre-Val de Loire,8196,7900.0,52,,0,52,1,195,8,37,1801,6395.0,,,,,,,
510,2015-12,Données définitives,France,51764,40288.0,4152,773.0,385,2993,3676,2572,306,767,44727,6143.0,8406.0,2263.0,1059.0,1664.0,2090.0,2223.0,-894.0
511,2015-12,Données définitives,Ile-de-France,450,,333,1.0,22,310,7,7,1,100,6778,-6327.0,,,,,,,
512,2015-12,Données définitives,Occitanie,2744,1736.0,42,,-4,46,683,144,67,69,3566,-1001.0,,,,,,,
513,2015-12,Données définitives,Normandie,6502,5736.0,513,223.0,52,237,8,202,3,37,2539,3963.0,,,,,,,
514,2015-12,Données définitives,Hauts-de-France,5290,3841.0,591,10.0,2,578,1,758,3,93,4638,651.0,,,,,,,
515,2015-12,Données définitives,PACA,1376,,787,164.0,125,497,479,3,41,64,3985,-2609.0,,,,,,,
516,2015-12,Données définitives,Pays-de-la-Loire,573,,376,166.0,25,184,1,150,13,31,2536,-1962.0,,,,,,,
518,2016-01,Données définitives,Nouvelle-Aquitaine,5627,4696.0,125,,9,115,471,128,75,130,4510,1117.0,,,,,,,
519,2016-01,Données définitives,Auvergne-Rhône-Alpes,11918,8770.0,331,7.0,16,307,2613,85,26,91,6913,4538.0,,,,,,,
520,2016-01,Données définitives,Bourgogne-Franche-Comté,330,,107,0.0,0,106,97,104,6,14,2234,-1905.0,,,,,,,
521,2016-01,Données définitives,Bretagne,421,,108,,0,108,53,227,5,25,2388,-1972.0,,,,,,,
522,2016-01,Données définitives,Centre-Val de Loire,8835,8460.0,55,,0,55,14,262,7,35,2037,6797.0,,,,,,,
523,2016-01,Données définitives,France,55982,41588.0,4788,766.0,281,3739,5703,2850,276,775,50161,4876.0,7696.0,2819.0,1148.0,390.0,2107.0,2208.0,-977.0
524,2016-01,Données définitives,Ile-de-France,478,,356,0.0,0,355,7,9,1,103,7798,-7319.0,,,,,,,
525,2016-01,Données définitives,Occitanie,3268,1757.0,128,,81,47,1067,187,58,69,3929,-829.0,,,,,,,
526,2016-01,Données définitives,Normandie,6117,5343.0,534,224.0,41,268,14,186,3,35,2968,3149.0,,,,,,,
527,2016-01,Données définitives,Hauts-de-France,5231,3667.0,723,3.0,2,717,1,746,5,87,5203,27.0,,,,,,,
528,2016-01,Données définitives,PACA,1412,,709,50.0,17,642,574,5,49,73,4320,-2908.0,,,,,,,
529,2016-01,Données définitives,Pays-de-la-Loire,880,,665,363.0,38,263,2,173,13,25,2881,-2001.0,,,,,,,
531,2016-02,Données définitives,Nouvelle-Aquitaine,4833,3709.0,120,,10,109,649,125,116,111,4240,592.0,,,,,,,
532,2016-02,Données définitives,Auvergne-Rhône-Alpes,11716,8217.0,222,7.0,17,197,3067,90,33,85,6482,4884.0,,,,,,,
533,2016-02,Données définitives,Bourgogne-Franche-Comté,364,,93,0.0,0,93,137,111,7,13,2072,-1709.0,,,,,,,
534,2016-02,Données définitives,Bretagne,393,,106,,0,105,53,200,9,23,2233,-1843.0,,,,,,,
535,2016-02,Données définitives,Centre-Val de Loire,8209,7808.0,54,,0,54,26,275,11,32,1909,6299.0,,,,,,,
536,2016-02,Données définitives,France,51979,37323.0,3654,438.0,203,3012,6969,2899,409,722,46440,4759.0,7444.0,2684.0,1344.0,387.0,2073.0,1983.0,-1029.0
537,2016-02,Données définitives,Ile-de-France,452,,338,0.0,37,300,1,9,3,99,7125,-6673.0,,,,,,,
538,2016-02,Données définitives,Occitanie,3391,1627.0,35,,-2,38,1313,257,92,64,3621,-386.0,,,,,,,
539,2016-02,Données définitives,Normandie,6271,5639.0,418,129.0,37,251,14,159,6,33,2764,3506.0,,,,,,,
540,2016-02,Données définitives,Hauts-de-France,4273,2866.0,634,4.0,1,628,1,685,7,78,4852,-578.0,,,,,,,
541,2016-02,Données définitives,PACA,1501,,532,25.0,15,491,806,11,70,80,3865,-2364.0,,,,,,,
542,2016-02,Données définitives,Pays-de-la-Loire,683,,467,219.0,31,216,2,164,23,25,2681,-1997.0,,,,,,,
544,2016-03,Données définitives,Nouvelle-Aquitaine,4790,3667.0,114,,10,104,554,123,193,136,4304,485.0,,,,,,,
545,2016-03,Données définitives,Auvergne-Rhône-Alpes,10834,7630.0,272,5.0,16,251,2685,90,63,91,6641,3895.0,,,,,,,
546,2016-03,Données définitives,Bourgogne-Franche-Comté,326,,93,0.0,0,92,108,91,17,16,2116,-1791.0,,,,,,,
547,2016-03,Données définitives,Bretagne,398,,112,,0,112,54,190,16,25,2296,-1902.0,,,,,,,
548,2016-03,Données définitives,Centre-Val de Loire,7852,7502.0,50,,0,50,20,228,19,31,1906,5946.0,,,,,,,
549,2016-03,Données définitives,France,52037,37177.0,4323,775.0,190,3356,6633,2453,675,773,47270,4026.0,6780.0,2753.0,1450.0,289.0,1884.0,1526.0,-1124.0
550,2016-03,Données définitives,Ile-de-France,442,,319,0.0,6,313,3,8,5,106,7257,-6814.0,,,,,,,
551,2016-03,Données définitives,Occitanie,3711,1794.0,41,,-2,43,1438,234,142,59,3674,-110.0,,,,,,,
552,2016-03,Données définitives,Normandie,6399,5602.0,609,303.0,41,264,14,125,9,37,2837,3562.0,,,,,,,
553,2016-03,Données définitives,Hauts-de-France,4953,3642.0,660,1.0,1,656,1,554,11,82,4904,49.0,,,,,,,
554,2016-03,Données définitives,PACA,1745,,597,21.0,14,560,943,11,108,83,3889,-2143.0,,,,,,,
555,2016-03,Données définitives,Pays-de-la-Loire,736,,503,208.0,44,250,3,166,36,26,2752,-2015.0,,,,,,,
557,2016-04,Données définitives,Nouvelle-Aquitaine,3920,2972.0,56,,10,45,490,60,215,124,3581,338.0,,,,,,,
558,2016-04,Données définitives,Auvergne-Rhône-Alpes,9636,6610.0,80,5.0,17,57,2706,84,75,78,5431,3900.0,,,,,,,
559,2016-04,Données définitives,Bourgogne-Franche-Comté,209,,19,0.0,0,19,102,52,19,14,1734,-1525.0,,,,,,,
560,2016-04,Données définitives,Bretagne,211,,2,,1,0,48,117,20,23,1918,-1711.0,,,,,,,
561,2016-04,Données définitives,Centre-Val de Loire,6143,5932.0,0,,0,0,22,129,24,35,1537,4605.0,,,,,,,
562,2016-04,Données définitives,France,43190,31057.0,2481,485.0,190,1806,6496,1670,795,688,39102,3503.0,6396.0,2893.0,1124.0,-377.0,1619.0,925.0,211.0
563,2016-04,Données définitives,Ile-de-France,130,,30,0.0,27,2,5,4,7,82,5950,-5819.0,,,,,,,
564,2016-04,Données définitives,Occitanie,3463,1693.0,0,,-1,0,1292,251,173,53,2904,541.0,,,,,,,
565,2016-04,Données définitives,Normandie,4759,4162.0,446,252.0,41,153,13,89,13,34,2437,2322.0,,,,,,,
566,2016-04,Données définitives,Hauts-de-France,3473,2516.0,482,0.0,1,480,1,382,14,75,4205,-731.0,,,,,,,
567,2016-04,Données définitives,PACA,1749,,592,33.0,17,541,942,12,126,76,3091,-1341.0,,,,,,,
568,2016-04,Données définitives,Pays-de-la-Loire,418,,247,115.0,12,119,3,99,43,25,2341,-1922.0,,,,,,,
570,2016-05,Données définitives,Nouvelle-Aquitaine,4132,3205.0,26,,10,16,460,67,250,119,3091,1041.0,,,,,,,
571,2016-05,Données définitives,Auvergne-Rhône-Alpes,9792,6656.0,63,5.0,17,41,2813,96,90,71,4974,4511.0,,,,,,,
572,2016-05,Données définitives,Bourgogne-Franche-Comté,238,,22,0.0,2,19,116,62,23,13,1598,-1360.0,,,,,,,
573,2016-05,Données définitives,Bretagne,185,,0,,0,0,48,85,23,27,1562,-1381.0,,,,,,,
574,2016-05,Données définitives,Centre-Val de Loire,5971,5770.0,0,,0,0,12,123,26,38,1316,4655.0,,,,,,,
575,2016-05,Données définitives,France,40641,29441.0,1447,165.0,193,1088,6568,1541,931,710,34746,5025.0,7269.0,2243.0,1359.0,637.0,1492.0,214.0,1322.0
576,2016-05,Données définitives,Ile-de-France,140,,22,0.0,14,8,6,4,7,99,5272,-5131.0,,,,,,,
577,2016-05,Données définitives,Occitanie,2752,958.0,-1,,-1,0,1233,300,202,60,2612,-71.0,,,,,,,
578,2016-05,Données définitives,Normandie,4533,4093.0,313,133.0,42,136,11,70,14,29,2024,2508.0,,,,,,,
579,2016-05,Données définitives,Hauts-de-France,3172,2407.0,354,2.0,1,350,1,311,17,80,3802,-629.0,,,,,,,
580,2016-05,Données définitives,PACA,1419,,335,18.0,17,299,841,13,150,78,2919,-1500.0,,,,,,,
581,2016-05,Données définitives,Pays-de-la-Loire,172,,10,-4.0,15,0,2,83,49,26,1940,-1768.0,,,,,,,
583,2016-06,Données définitives,Nouvelle-Aquitaine,4242,3279.0,27,,9,17,533,46,237,118,2914,1327.0,,,,,,,
584,2016-06,Données définitives,Auvergne-Rhône-Alpes,8617,5052.0,93,5.0,16,72,3259,45,94,72,4674,3676.0,,,,,,,
585,2016-06,Données définitives,Bourgogne-Franche-Comté,225,,18,0.0,0,17,133,36,23,14,1496,-1271.0,,,,,,,
586,2016-06,Données définitives,Bretagne,151,,1,,1,0,46,63,18,21,1458,-1311.0,,,,,,,
587,2016-06,Données définitives,Centre-Val de Loire,5550,5386.0,0,,0,0,17,86,24,34,1207,4342.0,,,,,,,
588,2016-06,Données définitives,France,40033,28641.0,1559,163.0,197,1199,7203,1071,909,647,32852,6389.0,8037.0,1647.0,1226.0,1201.0,1376.0,514.0,2070.0
589,2016-06,Données définitives,Ile-de-France,123,,16,0.0,13,3,0,2,7,97,4945,-4821.0,,,,,,,
590,2016-06,Données définitives,Occitanie,2846,1289.0,0,,0,0,1097,194,208,56,2482,178.0,,,,,,,
591,2016-06,Données définitives,Normandie,5266,4877.0,288,127.0,39,121,3,56,12,27,1922,3344.0,,,,,,,
592,2016-06,Données définitives,Hauts-de-France,3479,2805.0,334,4.0,1,328,1,253,14,69,3697,-218.0,,,,,,,
593,2016-06,Données définitives,PACA,1659,,334,16.0,15,301,1107,6,154,57,2824,-1165.0,,,,,,,
594,2016-06,Données définitives,Pays-de-la-Loire,146,,11,-4.0,16,0,1,62,43,27,1802,-1655.0,,,,,,,
596,2016-07,Données définitives,Nouvelle-Aquitaine,4031,3411.0,26,,9,17,145,41,287,118,3187,844.0,,,,,,,
597,2016-07,Données définitives,Auvergne-Rhône-Alpes,8179,5216.0,113,6.0,16,91,2612,53,107,76,4815,3131.0,,,,,,,
598,2016-07,Données définitives,Bourgogne-Franche-Comté,135,,20,0.0,0,20,38,28,29,17,1497,-1362.0,,,,,,,
599,2016-07,Données définitives,Bretagne,169,,0,,0,0,49,64,24,29,1460,-1296.0,,,,,,,
600,2016-07,Données définitives,Centre-Val de Loire,4592,4432.0,0,,0,0,1,86,33,37,1240,3352.0,,,,,,,
601,2016-07,Données définitives,France,38447,28342.0,1955,183.0,213,1558,5317,1017,1068,745,33718,4033.0,6239.0,2206.0,1122.0,1306.0,1695.0,-322.0,232.0
602,2016-07,Données définitives,Ile-de-France,156,,12,0.0,3,9,5,2,9,126,4756,-4599.0,,,,,,,
603,2016-07,Données définitives,Occitanie,2878,1703.0,0,,0,0,689,186,230,67,2757,-18.0,,,,,,,
604,2016-07,Données définitives,Normandie,4964,4623.0,224,66.0,34,124,9,54,16,35,1935,3029.0,,,,,,,
605,2016-07,Données définitives,Hauts-de-France,3308,2519.0,448,1.0,0,446,1,243,18,77,3589,-280.0,,,,,,,
606,2016-07,Données définitives,PACA,1476,,478,96.0,18,363,749,8,166,72,3176,-1700.0,,,,,,,
607,2016-07,Données définitives,Pays-de-la-Loire,153,,10,-3.0,14,0,0,57,57,28,1847,-1693.0,,,,,,,
609,2016-08,Données définitives,Nouvelle-Aquitaine,3834,3303.0,28,,10,18,56,40,290,113,3121,712.0,,,,,,,
610,2016-08,Données définitives,Auvergne-Rhône-Alpes,6788,4660.0,85,1.0,12,71,1804,50,107,80,4435,2089.0,,,,,,,
611,2016-08,Données définitives,Bourgogne-Franche-Comté,116,,17,0.0,0,17,19,32,29,17,1425,-1309.0,,,,,,,
612,2016-08,Données définitives,Bretagne,191,,0,,0,0,48,88,24,28,1439,-1253.0,,,,,,,
613,2016-08,Données définitives,Centre-Val de Loire,5118,4948.0,0,,0,0,0,96,33,40,1187,3931.0,,,,,,,
614,2016-08,Données définitives,France,36034,27114.0,2063,134.0,208,1720,3886,1187,1060,721,32132,3212.0,5588.0,2376.0,1074.0,1391.0,903.0,305.0,-463.0
615,2016-08,Données définitives,Ile-de-France,123,,8,0.0,3,5,4,3,9,98,4449,-4326.0,,,,,,,
616,2016-08,Données définitives,Occitanie,2755,1744.0,0,,0,0,521,187,232,68,2759,-168.0,,,,,,,
617,2016-08,Données définitives,Normandie,4737,4340.0,257,58.0,37,160,9,74,16,38,1862,2874.0,,,,,,,
618,2016-08,Données définitives,Hauts-de-France,3252,2181.0,653,1.0,0,652,1,315,17,82,3347,-95.0,,,,,,,
619,2016-08,Données définitives,PACA,1097,,293,36.0,16,240,559,7,161,75,3080,-1982.0,,,,,,,
620,2016-08,Données définitives,Pays-de-la-Loire,155,,1,-6.0,8,0,0,70,57,25,1792,-1637.0,,,,,,,
622,2016-09,Données définitives,Nouvelle-Aquitaine,3248,2737.0,24,,10,13,127,34,225,100,2973,275.0,,,,,,,
623,2016-09,Données définitives,Auvergne-Rhône-Alpes,6754,4860.0,167,5.0,14,147,1524,50,81,70,4709,1729.0,,,,,,,
624,2016-09,Données définitives,Bourgogne-Franche-Comté,144,,19,0.0,0,18,51,36,22,14,1538,-1394.0,,,,,,,
625,2016-09,Données définitives,Bretagne,166,,1,,1,0,44,75,17,27,1464,-1302.0,,,,,,,
626,2016-09,Données définitives,Centre-Val de Loire,4970,4842.0,0,,0,0,0,66,23,36,1225,3744.0,,,,,,,
627,2016-09,Données définitives,France,36431,26478.0,4074,772.0,188,3113,3387,990,822,677,33245,2508.0,5137.0,2629.0,487.0,1219.0,1410.0,185.0,-794.0
628,2016-09,Données définitives,Ile-de-France,164,,49,0.0,4,45,4,2,6,100,4820,-4656.0,,,,,,,
629,2016-09,Données définitives,Occitanie,2583,1731.0,0,,0,0,428,174,186,62,2623,-107.0,,,,,,,
630,2016-09,Données définitives,Normandie,4028,3450.0,460,314.0,33,111,9,60,10,36,1931,2097.0,,,,,,,
631,2016-09,Données définitives,Hauts-de-France,3389,2168.0,888,3.0,2,882,0,237,13,79,3645,-256.0,,,,,,,
632,2016-09,Données définitives,PACA,1748,,983,256.0,15,711,558,5,129,70,2971,-1222.0,,,,,,,
633,2016-09,Données définitives,Pays-de-la-Loire,320,,207,-10.0,13,204,0,48,38,25,1833,-1512.0,,,,,,,
635,2016-10,Données définitives,Nouvelle-Aquitaine,4209,3710.0,53,,10,43,99,64,205,75,3409,800.0,,,,,,,
636,2016-10,Données définitives,Auvergne-Rhône-Alpes,7712,5771.0,307,2.0,16,287,1434,64,71,63,5475,1860.0,,,,,,,
637,2016-10,Données définitives,Bourgogne-Franche-Comté,176,,46,0.0,0,45,32,65,21,11,1803,-1626.0,,,,,,,
638,2016-10,Données définitives,Bretagne,194,,4,,1,3,46,95,21,26,1765,-1575.0,,,,,,,
639,2016-10,Données définitives,Centre-Val de Loire,6227,6031.0,3,,0,3,0,130,22,37,1500,4726.0,,,,,,,
640,2016-10,Données définitives,France,39917,29020.0,5010,960.0,206,3843,3079,1409,726,670,38590,522.0,4477.0,3955.0,-117.0,44.0,819.0,1047.0,-1272.0
641,2016-10,Données définitives,Ile-de-France,270,,149,0.0,19,129,4,4,7,103,5878,-5608.0,,,,,,,
642,2016-10,Données définitives,Occitanie,2725,1858.0,0,,0,0,486,162,153,64,2828,-200.0,,,,,,,
643,2016-10,Données définitives,Normandie,4055,3569.0,354,222.0,32,100,10,70,12,38,2297,1758.0,,,,,,,
644,2016-10,Données définitives,Hauts-de-France,3159,1981.0,796,3.0,1,790,0,288,14,78,4235,-1076.0,,,,,,,
645,2016-10,Données définitives,PACA,2086,,1418,346.0,20,1051,480,9,102,75,3148,-1062.0,,,,,,,
646,2016-10,Données définitives,Pays-de-la-Loire,633,,463,142.0,17,303,0,93,43,32,2197,-1563.0,,,,,,,
648,2016-11,Données définitives,Nouvelle-Aquitaine,4290,3645.0,135,,10,124,160,113,109,125,3988,302.0,,,,,,,
649,2016-11,Données définitives,Auvergne-Rhône-Alpes,7666,5068.0,417,5.0,18,393,1970,84,33,92,6088,1226.0,,,,,,,
650,2016-11,Données définitives,Bourgogne-Franche-Comté,267,,93,0.0,0,92,59,93,7,13,2043,-1777.0,,,,,,,
651,2016-11,Données définitives,Bretagne,337,,94,,4,89,45,164,7,25,2097,-1763.0,,,,,,,
652,2016-11,Données définitives,Centre-Val de Loire,6724,6397.0,54,,0,54,6,221,9,34,1784,4939.0,,,,,,,
653,2016-11,Données définitives,France,45494,31149.0,6608,1178.0,287,5142,4266,2323,368,777,44293,413.0,4489.0,4076.0,-43.0,369.0,806.0,963.0,-1683.0
654,2016-11,Données définitives,Ile-de-France,638,,517,0.0,42,474,5,6,2,106,6866,-6227.0,,,,,,,
655,2016-11,Données définitives,Occitanie,2857,1771.0,44,,0,44,657,235,80,67,3335,-603.0,,,,,,,
656,2016-11,Données définitives,Normandie,5750,5005.0,556,287.0,36,232,9,138,4,35,2652,3098.0,,,,,,,
657,2016-11,Données définitives,Hauts-de-France,3833,2073.0,1140,9.0,4,1126,0,533,6,79,4763,-930.0,,,,,,,
658,2016-11,Données définitives,PACA,2156,,1324,244.0,24,1055,676,9,64,81,3610,-1454.0,,,,,,,
659,2016-11,Données définitives,Pays-de-la-Loire,883,,686,273.0,72,340,0,145,18,31,2532,-1648.0,,,,,,,
661,2016-12,Données définitives,Nouvelle-Aquitaine,4537,3867.0,176,,10,166,183,77,103,127,4618,-80.0,,,,,,,
662,2016-12,Données définitives,Auvergne-Rhône-Alpes,9030,6467.0,467,7.0,19,441,1901,60,37,95,7130,1590.0,,,,,,,
663,2016-12,Données définitives,Bourgogne-Franche-Comté,246,,106,0.0,0,105,53,64,7,14,2333,-2090.0,,,,,,,
664,2016-12,Données définitives,Bretagne,328,,141,,1,140,47,106,6,26,2386,-2063.0,,,,,,,
665,2016-12,Données définitives,Centre-Val de Loire,8432,8225.0,61,,0,61,3,94,9,37,2093,6338.0,,,,,,,
666,2016-12,Données définitives,France,51225,36649.0,7366,1299.0,225,5841,4498,1529,368,813,50670,-125.0,3971.0,4097.0,-150.0,945.0,343.0,581.0,-1846.0
667,2016-12,Données définitives,Ile-de-France,621,,494,0.0,4,490,7,2,2,114,7905,-7283.0,,,,,,,
668,2016-12,Données définitives,Occitanie,3177,1873.0,49,,0,48,895,203,87,68,3979,-939.0,,,,,,,
669,2016-12,Données définitives,Normandie,7360,6575.0,633,341.0,42,248,10,96,4,40,3012,4347.0,,,,,,,
670,2016-12,Données définitives,Hauts-de-France,4190,2397.0,1320,9.0,3,1307,0,389,6,76,5146,-956.0,,,,,,,
671,2016-12,Données définitives,PACA,2515,,1425,298.0,19,1107,928,7,64,89,4122,-1607.0,,,,,,,
672,2016-12,Données définitives,Pays-de-la-Loire,905,,758,323.0,32,402,0,96,15,33,2967,-2061.0,,,,,,,
674,2017-01,Données définitives,Nouvelle-Aquitaine,4736,3891.0,198,,11,187,269,126,104,147,5378,-641.0,,,,,,,
675,2017-01,Données définitives,Auvergne-Rhône-Alpes,11027,8191.0,413,7.0,23,382,2216,88,30,86,8014,2716.0,,,,,,,
676,2017-01,Données définitives,Bourgogne-Franche-Comté,306,,128,0.0,1,126,62,92,7,16,2606,-2303.0,,,,,,,
677,2017-01,Données définitives,Bretagne,374,,164,,16,148,48,125,7,28,2723,-2353.0,,,,,,,
678,2017-01,Données définitives,Centre-Val de Loire,8841,8538.0,85,,0,84,4,166,9,37,2376,6464.0,,,,,,,
679,2017-01,Données définitives,France,57222,40491.0,8266,1705.0,651,5910,5225,2047,362,828,57406,-950.0,3536.0,4487.0,-441.0,-346.0,729.0,572.0,-1465.0
680,2017-01,Données définitives,Ile-de-France,944,,822,0.0,235,587,7,5,2,107,8894,-7949.0,,,,,,,
681,2017-01,Données définitives,Occitanie,3491,1904.0,55,,1,54,1071,305,87,67,4762,-1439.0,,,,,,,
682,2017-01,Données définitives,Normandie,7275,6480.0,646,368.0,44,233,11,95,4,36,3308,3967.0,,,,,,,
683,2017-01,Données définitives,Hauts-de-France,4918,3043.0,1368,4.0,2,1361,0,421,3,80,5695,-777.0,,,,,,,
684,2017-01,Données définitives,PACA,2665,,1381,379.0,20,981,1102,15,64,102,4721,-2058.0,,,,,,,
685,2017-01,Données définitives,Pays-de-la-Loire,1287,,1123,528.0,180,415,0,112,18,32,3351,-2063.0,,,,,,,
687,2017-02,Données définitives,Nouvelle-Aquitaine,3917,3092.0,177,,9,168,262,136,118,129,3983,-65.0,,,,,,,
688,2017-02,Données définitives,Auvergne-Rhône-Alpes,9723,7266.0,347,7.0,16,323,1886,101,44,77,6086,3304.0,,,,,,,
689,2017-02,Données définitives,Bourgogne-Franche-Comté,292,,89,0.0,1,88,69,107,10,15,1988,-1696.0,,,,,,,
690,2017-02,Données définitives,Bretagne,398,,136,,2,134,47,177,9,26,2146,-1752.0,,,,,,,
691,2017-02,Données définitives,Centre-Val de Loire,7965,7623.0,69,,0,69,8,220,11,33,1781,6184.0,,,,,,,
692,2017-02,Données définitives,France,48028,33689.0,6074,976.0,205,4892,4557,2541,430,735,43869,3418.0,6028.0,2609.0,407.0,400.0,1802.0,1871.0,-1063.0
693,2017-02,Données définitives,Ile-de-France,477,,359,0.0,46,312,7,7,2,100,6669,-6191.0,,,,,,,
694,2017-02,Données définitives,Occitanie,3020,1490.0,48,,0,47,1043,272,103,61,3433,-624.0,,,,,,,
695,2017-02,Données définitives,Normandie,5423,4776.0,448,196.0,37,214,12,149,4,31,2626,2797.0,,,,,,,
696,2017-02,Données définitives,Hauts-de-France,4370,2457.0,1222,6.0,1,1214,1,603,4,81,4618,-248.0,,,,,,,
697,2017-02,Données définitives,PACA,1660,,922,2.0,17,903,583,10,69,74,3559,-1904.0,,,,,,,
698,2017-02,Données définitives,Pays-de-la-Loire,1026,,818,453.0,23,342,1,154,20,30,2576,-1550.0,,,,,,,
700,2017-03,Données définitives,Nouvelle-Aquitaine,5253,4139.0,186,,10,175,486,118,179,143,3900,1352.0,,,,,,,
701,2017-03,Données définitives,Auvergne-Rhône-Alpes,11154,7941.0,293,4.0,20,268,2672,89,70,86,5969,4819.0,,,,,,,
702,2017-03,Données définitives,Bourgogne-Franche-Comté,330,,79,0.0,1,78,97,118,17,17,1931,-1604.0,,,,,,,
703,2017-03,Données définitives,Bretagne,421,,151,,3,147,54,171,15,29,2051,-1633.0,,,,,,,
704,2017-03,Données définitives,Centre-Val de Loire,8668,8314.0,70,,0,70,20,204,18,38,1724,6943.0,,,,,,,
705,2017-03,Données définitives,France,49750,34272.0,5075,393.0,236,4445,6253,2657,704,787,42723,6249.0,8732.0,2483.0,1306.0,1699.0,2029.0,1794.0,-581.0
706,2017-03,Données définitives,Ile-de-France,425,,307,0.0,50,257,4,9,5,97,6447,-6022.0,,,,,,,
707,2017-03,Données définitives,Occitanie,3032,1210.0,47,,1,45,1277,260,167,68,3273,-464.0,,,,,,,
708,2017-03,Données définitives,Normandie,5145,4447.0,491,181.0,42,267,13,150,9,33,2545,2600.0,,,,,,,
709,2017-03,Données définitives,Hauts-de-France,4547,2689.0,1064,2.0,2,1060,1,693,10,87,4564,-16.0,,,,,,,
710,2017-03,Données définitives,PACA,1887,,905,0.0,18,887,773,8,117,82,3476,-1594.0,,,,,,,
711,2017-03,Données définitives,Pays-de-la-Loire,617,,411,77.0,29,304,2,136,33,33,2526,-1909.0,,,,,,,
713,2017-04,Données définitives,Nouvelle-Aquitaine,4913,4023.0,62,,10,52,282,112,295,137,3304,1609.0,,,,,,,
714,2017-04,Données définitives,Auvergne-Rhône-Alpes,9236,7120.0,156,6.0,19,130,1700,91,100,65,5180,3756.0,,,,,,,
715,2017-04,Données définitives,Bourgogne-Franche-Comté,176,,27,0.0,0,26,37,65,28,17,1681,-1510.0,,,,,,,
716,2017-04,Données définitives,Bretagne,192,,1,,1,0,47,90,25,28,1683,-1495.0,,,,,,,
717,2017-04,Données définitives,Centre-Val de Loire,7985,7800.0,0,,0,0,4,109,33,37,1473,6512.0,,,,,,,
718,2017-04,Données définitives,France,42574,31752.0,3376,646.0,163,2565,4182,1472,1045,745,36650,5175.0,7483.0,2307.0,1303.0,1484.0,1459.0,509.0,417.0
719,2017-04,Données définitives,Ile-de-France,125,,3,0.0,1,1,6,4,8,101,5472,-5346.0,,,,,,,
720,2017-04,Données définitives,Occitanie,2789,1271.0,1,,1,0,959,261,236,59,2719,-135.0,,,,,,,
721,2017-04,Données définitives,Normandie,4701,4187.0,395,177.0,39,178,11,54,15,36,2227,2474.0,,,,,,,
722,2017-04,Données définitives,Hauts-de-France,3326,2175.0,769,0.0,1,767,1,283,15,80,4023,-697.0,,,,,,,
723,2017-04,Données définitives,PACA,1370,,590,12.0,17,560,526,13,151,88,3011,-1645.0,,,,,,,
724,2017-04,Données définitives,Pays-de-la-Loire,726,,538,394.0,10,134,0,97,57,32,2104,-1377.0,,,,,,,
726,2017-05,Données définitives,Nouvelle-Aquitaine,4633,3783.0,38,,10,28,286,98,296,128,3085,1548.0,,,,,,,
727,2017-05,Données définitives,Auvergne-Rhône-Alpes,8595,5776.0,126,6.0,16,103,2449,74,105,62,5006,3227.0,,,,,,,
728,2017-05,Données définitives,Bourgogne-Franche-Comté,198,,30,0.0,1,29,49,74,29,13,1632,-1440.0,,,,,,,
729,2017-05,Données définitives,Bretagne,221,,3,,3,0,51,108,26,30,1556,-1341.0,,,,,,,
730,2017-05,Données définitives,Centre-Val de Loire,6628,6425.0,0,,0,0,6,120,33,42,1323,5305.0,,,,,,,
731,2017-05,Données définitives,France,41560,30136.0,2357,521.0,177,1658,5729,1503,1091,742,35037,5700.0,7840.0,2139.0,1215.0,1852.0,1514.0,263.0,854.0
732,2017-05,Données définitives,Ile-de-France,125,,6,0.0,2,4,4,5,10,98,5211,-5085.0,,,,,,,
733,2017-05,Données définitives,Occitanie,3348,1815.0,1,,1,0,1016,207,243,63,2656,477.0,,,,,,,
734,2017-05,Données définitives,Normandie,3923,3560.0,222,-2.0,38,186,11,75,16,36,2072,1850.0,,,,,,,
735,2017-05,Données définitives,Hauts-de-France,3528,2562.0,538,2.0,1,534,0,326,17,82,3876,-347.0,,,,,,,
736,2017-05,Données définitives,PACA,1473,,202,24.0,16,161,1011,6,165,87,3007,-1539.0,,,,,,,
737,2017-05,Données définitives,Pays-de-la-Loire,580,,388,342.0,13,32,0,101,60,29,1974,-1394.0,,,,,,,
739,2017-06,Données définitives,Nouvelle-Aquitaine,3287,2571.0,31,,7,24,176,78,295,134,2999,287.0,,,,,,,
740,2017-06,Données définitives,Auvergne-Rhône-Alpes,8083,5376.0,26,6.0,16,3,2445,56,112,65,4778,3001.0,,,,,,,
741,2017-06,Données définitives,Bourgogne-Franche-Comté,172,,23,0.0,0,22,29,70,32,16,1511,-1344.0,,,,,,,
742,2017-06,Données définitives,Bretagne,202,,11,,11,0,44,86,28,30,1434,-1237.0,,,,,,,
743,2017-06,Données définitives,Centre-Val de Loire,5199,5008.0,0,,0,0,3,106,36,42,1282,3916.0,,,,,,,
744,2017-06,Données définitives,France,37373,26884.0,2028,353.0,215,1458,5097,1476,1131,756,33374,3246.0,5674.0,2427.0,883.0,1430.0,1455.0,-223.0,-300.0
745,2017-06,Données définitives,Ile-de-France,146,,18,0.0,13,5,3,5,11,108,4824,-4678.0,,,,,,,
746,2017-06,Données définitives,Occitanie,2938,1747.0,2,,2,0,723,171,243,50,2658,124.0,,,,,,,
747,2017-06,Données définitives,Normandie,3654,3242.0,280,88.0,37,153,7,74,18,30,1890,1764.0,,,,,,,
748,2017-06,Données définitives,Hauts-de-France,3293,2281.0,518,4.0,0,513,0,395,19,77,3629,-336.0,,,,,,,
749,2017-06,Données définitives,PACA,1506,,315,51.0,16,247,897,5,174,114,3028,-1530.0,,,,,,,
750,2017-06,Données définitives,Pays-de-la-Loire,327,,148,138.0,9,1,0,80,65,32,1852,-1524.0,,,,,,,
752,2017-07,Données définitives,Nouvelle-Aquitaine,3618,2952.0,29,,6,23,160,75,270,129,3126,492.0,,,,,,,
753,2017-07,Données définitives,Auvergne-Rhône-Alpes,8735,6592.0,22,6.0,15,0,1860,69,108,82,4875,3653.0,,,,,,,
754,2017-07,Données définitives,Bourgogne-Franche-Comté,163,,24,0.0,0,23,22,72,28,16,1536,-1377.0,,,,,,,
755,2017-07,Données définitives,Bretagne,216,,1,,1,0,47,107,25,34,1477,-1267.0,,,,,,,
756,2017-07,Données définitives,Centre-Val de Loire,4870,4649.0,0,,0,0,0,142,31,46,1291,3578.0,,,,,,,
757,2017-07,Données définitives,France,38905,28159.0,3236,867.0,216,2151,3893,1714,1082,818,33877,4353.0,6675.0,2322.0,1205.0,1402.0,1781.0,270.0,-307.0
758,2017-07,Données définitives,Ile-de-France,153,,4,0.0,1,2,3,6,9,130,4693,-4539.0,,,,,,,
759,2017-07,Données définitives,Occitanie,1973,893.0,0,,0,0,513,264,241,60,2737,-957.0,,,,,,,
760,2017-07,Données définitives,Normandie,4412,3830.0,438,232.0,40,166,7,85,16,35,1930,2482.0,,,,,,,
761,2017-07,Données définitives,Hauts-de-France,3100,1753.0,835,1.0,0,833,0,408,16,85,3595,-495.0,,,,,,,
762,2017-07,Données définitives,PACA,1504,,607,65.0,15,526,589,9,192,106,3210,-1709.0,,,,,,,
763,2017-07,Données définitives,Pays-de-la-Loire,599,,408,390.0,15,2,0,100,56,33,1878,-1278.0,,,,,,,
765,2017-08,Données définitives,Nouvelle-Aquitaine,3496,2906.0,32,,10,22,75,57,288,134,3067,428.0,,,,,,,
766,2017-08,Données définitives,Auvergne-Rhône-Alpes,9093,7176.0,48,2.0,11,33,1635,55,105,72,4515,4331.0,,,,,,,
767,2017-08,Données définitives,Bourgogne-Franche-Comté,137,,20,0.0,0,20,21,51,27,15,1373,-1241.0,,,,,,,
768,2017-08,Données définitives,Bretagne,193,,0,,0,0,47,87,24,34,1456,-1268.0,,,,,,,
769,2017-08,Données définitives,Centre-Val de Loire,5405,5227.0,0,,0,0,0,99,31,46,1206,4198.0,,,,,,,
770,2017-08,Données définitives,France,37164,28585.0,1994,199.0,222,1572,3501,1242,1053,786,32110,4397.0,6928.0,2531.0,1189.0,1704.0,1179.0,444.0,-120.0
771,2017-08,Données définitives,Ile-de-France,124,,2,0.0,2,0,3,5,8,103,4342,-4218.0,,,,,,,
772,2017-08,Données définitives,Occitanie,1913,932.0,0,,0,0,483,200,229,66,2757,-1009.0,,,,,,,
773,2017-08,Données définitives,Normandie,4300,3880.0,296,99.0,36,160,7,62,15,38,1831,2469.0,,,,,,,
774,2017-08,Données définitives,Hauts-de-France,3773,2792.0,594,1.0,0,592,0,284,15,86,3375,397.0,,,,,,,
775,2017-08,Données définitives,PACA,1133,,357,26.0,14,317,504,6,168,96,3186,-2056.0,,,,,,,
776,2017-08,Données définitives,Pays-de-la-Loire,237,,76,34.0,14,26,0,74,56,30,1771,-1533.0,,,,,,,
778,2017-09,Données définitives,Nouvelle-Aquitaine,4110,3532.0,31,,10,21,127,72,220,127,3003,1107.0,,,,,,,
779,2017-09,Données définitives,Auvergne-Rhône-Alpes,9830,8249.0,91,4.0,16,69,1289,54,78,66,4776,4755.0,,,,,,,
780,2017-09,Données définitives,Bourgogne-Franche-Comté,189,,20,0.0,0,20,59,71,21,16,1543,-1357.0,,,,,,,
781,2017-09,Données définitives,Bretagne,215,,1,,1,0,46,121,17,29,1529,-1319.0,,,,,,,
782,2017-09,Données définitives,Centre-Val de Loire,4608,4408.0,0,,0,0,3,127,24,44,1237,3370.0,,,,,,,
783,2017-09,Données définitives,France,38655,29345.0,2974,579.0,196,2198,3094,1650,823,766,33633,4333.0,6931.0,2598.0,824.0,1634.0,1818.0,602.0,-547.0
784,2017-09,Données définitives,Ile-de-France,141,,7,0.0,4,2,3,7,6,115,4902,-4760.0,,,,,,,
785,2017-09,Données définitives,Occitanie,1854,1024.0,0,,0,0,368,219,182,59,2560,-801.0,,,,,,,
786,2017-09,Données définitives,Normandie,4199,3616.0,432,236.0,36,160,9,94,11,35,1971,2228.0,,,,,,,
787,2017-09,Données définitives,Hauts-de-France,4203,3100.0,612,4.0,2,605,0,395,11,82,3775,427.0,,,,,,,
788,2017-09,Données définitives,PACA,1319,,638,64.0,13,560,436,6,141,96,2880,-1565.0,,,,,,,
789,2017-09,Données définitives,Pays-de-la-Loire,493,,327,178.0,17,131,0,93,43,29,1868,-1374.0,,,,,,,
791,2017-10,Données définitives,Nouvelle-Aquitaine,5224,4642.0,62,,10,51,110,77,192,138,3235,1988.0,,,,,,,
792,2017-10,Données définitives,Auvergne-Rhône-Alpes,7221,5582.0,258,6.0,19,233,1142,86,71,78,5158,1663.0,,,,,,,
793,2017-10,Données définitives,Bourgogne-Franche-Comté,208,,44,0.0,0,44,42,90,17,13,1743,-1535.0,,,,,,,
794,2017-10,Données définitives,Bretagne,202,,2,,1,1,45,115,12,26,1688,-1490.0,,,,,,,
795,2017-10,Données définitives,Centre-Val de Loire,4693,4482.0,2,,0,2,0,139,20,47,1398,3295.0,,,,,,,
796,2017-10,Données définitives,France,39700,28053.0,5330,1220.0,207,3902,2735,2094,716,769,36615,2171.0,6216.0,4044.0,160.0,1067.0,1705.0,1433.0,-2195.0
797,2017-10,Données définitives,Ile-de-France,170,,46,0.0,2,43,4,8,5,106,5452,-5281.0,,,,,,,
798,2017-10,Données définitives,Occitanie,2759,1860.0,1,,0,0,398,273,162,62,2701,-134.0,,,,,,,
799,2017-10,Données définitives,Normandie,4198,3555.0,461,228.0,31,201,9,124,8,38,2181,2017.0,,,,,,,
800,2017-10,Données définitives,Hauts-de-France,4082,2424.0,983,4.0,1,976,0,595,8,69,4106,-23.0,,,,,,,
801,2017-10,Données définitives,PACA,1761,,1159,73.0,17,1068,375,9,132,85,2942,-1188.0,,,,,,,
802,2017-10,Données définitives,Pays-de-la-Loire,991,,834,595.0,29,209,0,91,32,32,2047,-1056.0,,,,,,,
804,2017-11,Données définitives,Nouvelle-Aquitaine,5468,4756.0,146,,10,136,189,107,134,133,4173,1294.0,,,,,,,
805,2017-11,Données définitives,Auvergne-Rhône-Alpes,6629,4277.0,353,6.0,18,328,1754,111,37,94,6331,-46.0,,,,,,,
806,2017-11,Données définitives,Bourgogne-Franche-Comté,306,,103,0.0,0,103,51,125,8,17,2087,-1780.0,,,,,,,
807,2017-11,Données définitives,Bretagne,333,,112,,6,106,45,137,8,29,2104,-1775.0,,,,,,,
808,2017-11,Données définitives,Centre-Val de Loire,5756,5457.0,65,,0,65,0,181,10,40,1796,3960.0,,,,,,,
809,2017-11,Données définitives,France,44983,30334.0,7048,1449.0,244,5354,3937,2336,455,869,44960,-826.0,4627.0,5453.0,-399.0,-35.0,1225.0,1087.0,-2704.0
810,2017-11,Données définitives,Ile-de-France,573,,445,0.0,8,436,4,10,2,111,6740,-6166.0,,,,,,,
811,2017-11,Données définitives,Occitanie,3054,1828.0,47,,0,46,665,337,107,68,3615,-728.0,,,,,,,
812,2017-11,Données définitives,Normandie,5725,4940.0,597,241.0,30,325,10,130,4,41,2602,3123.0,,,,,,,
813,2017-11,Données définitives,Hauts-de-France,4721,2815.0,1286,10.0,4,1271,0,521,4,91,4748,-26.0,,,,,,,
814,2017-11,Données définitives,PACA,2222,,1461,295.0,18,1147,538,13,88,120,3673,-1454.0,,,,,,,
815,2017-11,Données définitives,Pays-de-la-Loire,1134,,959,569.0,29,360,0,119,21,33,2559,-1425.0,,,,,,,
817,2017-12,Données définitives,Nouvelle-Aquitaine,5786,4849.0,151,,10,141,416,169,75,122,4832,953.0,,,,,,,
818,2017-12,Données définitives,Auvergne-Rhône-Alpes,9369,6437.0,316,7.0,19,289,2365,128,21,99,7226,1767.0,,,,,,,
819,2017-12,Données définitives,Bourgogne-Franche-Comté,414,,126,0.0,0,125,104,160,4,18,2309,-1898.0,,,,,,,
820,2017-12,Données définitives,Bretagne,480,,170,,7,163,53,216,5,33,2432,-1957.0,,,,,,,
821,2017-12,Données définitives,Centre-Val de Loire,7317,6913.0,71,,0,70,14,269,5,42,2091,5226.0,,,,,,,
822,2017-12,Données définitives,France,53317,37382.0,6093,852.0,246,4994,5333,3385,277,843,51754,682.0,5777.0,5094.0,295.0,168.0,1451.0,1680.0,-2912.0
823,2017-12,Données définitives,Ile-de-France,554,,419,0.0,10,409,4,15,1,113,7672,-7118.0,,,,,,,
824,2017-12,Données définitives,Occitanie,3244,1789.0,62,,0,61,898,354,69,68,4472,-1445.0,,,,,,,
825,2017-12,Données définitives,Normandie,7090,6497.0,339,-2.0,34,308,14,197,2,40,2966,4124.0,,,,,,,
826,2017-12,Données définitives,Hauts-de-France,5515,3339.0,1229,10.0,3,1215,1,844,2,98,5331,184.0,,,,,,,
827,2017-12,Données définitives,PACA,1844,,1071,203.0,17,849,619,12,59,82,4584,-2744.0,,,,,,,
828,2017-12,Données définitives,Pays-de-la-Loire,970,,733,349.0,32,351,2,188,12,33,2925,-1954.0,,,,,,,
830,2018-01,Données définitives,Nouvelle-Aquitaine,6138,4761.0,180,,9,171,766,226,72,132,4512,1626.0,,,,,,,
831,2018-01,Données définitives,Auvergne-Rhône-Alpes,11959,8512.0,205,8.0,17,179,2979,138,26,97,6776,4731.0,,,,,,,
832,2018-01,Données définitives,Bourgogne-Franche-Comté,520,,121,0.0,0,120,175,199,5,18,2160,-1640.0,,,,,,,
833,2018-01,Données définitives,Bretagne,541,,169,,1,167,62,270,5,33,2375,-1839.0,,,,,,,
834,2018-01,Données définitives,Centre-Val de Loire,7825,7352.0,92,,0,92,41,296,6,36,1956,5869.0,,,,,,,
835,2018-01,Données définitives,France,56859,40790.0,3635,323.0,165,3146,7337,3968,293,833,48807,7004.0,9251.0,2247.0,1426.0,1822.0,2006.0,1972.0,-223.0
836,2018-01,Données définitives,Ile-de-France,409,,281,0.0,0,281,0,18,1,108,7062,-6652.0,,,,,,,
837,2018-01,Données définitives,Occitanie,3907,1730.0,64,,0,64,1592,379,72,68,3984,-303.0,,,,,,,
838,2018-01,Données définitives,Normandie,7194,6538.0,382,53.0,31,297,12,219,2,40,2900,4294.0,,,,,,,
839,2018-01,Données définitives,Hauts-de-France,5717,3929.0,712,3.0,2,707,1,982,2,89,5480,237.0,,,,,,,
840,2018-01,Données définitives,PACA,1417,,505,22.0,20,462,747,10,68,84,4031,-2622.0,,,,,,,
841,2018-01,Données définitives,Pays-de-la-Loire,651,,369,157.0,13,197,1,235,11,33,2814,-2163.0,,,,,,,
843,2018-02,Données définitives,Nouvelle-Aquitaine,5519,4338.0,154,,10,143,596,176,139,114,4732,787.0,,,,,,,
844,2018-02,Données définitives,Auvergne-Rhône-Alpes,10552,7115.0,314,7.0,16,290,2906,87,39,88,6918,3382.0,,,,,,,
845,2018-02,Données définitives,Bourgogne-Franche-Comté,390,,112,,0,112,138,111,11,16,2222,-1833.0,,,,,,,
846,2018-02,Données définitives,Bretagne,446,,171,,16,154,46,184,13,31,2424,-1981.0,,,,,,,
847,2018-02,Données définitives,Centre-Val de Loire,7201,6848.0,81,,0,81,27,200,13,31,2092,5109.0,,,,,,,
848,2018-02,Données définitives,France,53803,36408.0,6170,1006.0,268,4895,7195,2724,495,808,50236,2755.0,7000.0,4244.0,1068.0,1323.0,1772.0,1261.0,-2669.0
849,2018-02,Données définitives,Ile-de-France,461,,347,0.0,29,317,0,11,3,99,7693,-7231.0,,,,,,,
850,2018-02,Données définitives,Occitanie,3903,1709.0,58,,0,58,1671,292,108,62,4171,-432.0,,,,,,,
851,2018-02,Données définitives,Normandie,6452,5638.0,599,262.0,28,307,10,158,7,38,2957,3495.0,,,,,,,
852,2018-02,Données définitives,Hauts-de-France,5488,3533.0,1155,4.0,1,1149,1,706,8,82,5018,469.0,,,,,,,
853,2018-02,Données définitives,PACA,2379,,1107,119.0,17,969,1041,12,87,130,4208,-1831.0,,,,,,,
854,2018-02,Données définitives,Pays-de-la-Loire,1002,,771,381.0,41,348,2,170,27,31,2959,-1957.0,,,,,,,
856,2018-03,Données définitives,Nouvelle-Aquitaine,5142,3858.0,147,,10,136,595,221,213,106,4400,742.0,,,,,,,
857,2018-03,Données définitives,Auvergne-Rhône-Alpes,10578,7256.0,223,6.0,15,200,2815,120,70,92,6747,3479.0,,,,,,,
858,2018-03,Données définitives,Bourgogne-Franche-Comté,418,,119,,0,118,120,143,17,18,2180,-1764.0,,,,,,,
859,2018-03,Données définitives,Bretagne,486,,182,,13,168,43,212,13,34,2411,-1928.0,,,,,,,
860,2018-03,Données définitives,Centre-Val de Loire,7569,7178.0,77,,0,77,21,239,20,32,1916,5653.0,,,,,,,
861,2018-03,Données définitives,France,52493,35677.0,5022,844.0,208,3969,7131,3089,733,840,48484,3101.0,7101.0,4000.0,1094.0,-726.0,1901.0,1669.0,-838.0
862,2018-03,Données définitives,Ile-de-France,501,,376,0.0,28,347,0,13,4,106,7441,-6940.0,,,,,,,
863,2018-03,Données définitives,Occitanie,4115,1828.0,58,,0,58,1648,347,169,62,3867,60.0,,,,,,,
864,2018-03,Données définitives,Normandie,5655,5092.0,333,19.0,31,282,11,166,8,43,2894,2761.0,,,,,,,
865,2018-03,Données définitives,Hauts-de-France,5085,3341.0,910,1.0,1,907,1,737,7,86,4935,150.0,,,,,,,
866,2018-03,Données définitives,PACA,2174,,839,91.0,17,730,1062,12,125,135,4058,-1885.0,,,,,,,
867,2018-03,Données définitives,Pays-de-la-Loire,943,,672,381.0,31,259,3,198,36,33,2829,-1886.0,,,,,,,
869,2018-04,Données définitives,Nouvelle-Aquitaine,3997,3028.0,23,,10,12,452,119,265,108,3264,733.0,,,,,,,
870,2018-04,Données définitives,Auvergne-Rhône-Alpes,9425,6338.0,24,5.0,17,2,2782,102,100,76,5141,3873.0,,,,,,,
871,2018-04,Données définitives,Bourgogne-Franche-Comté,263,,17,,0,16,86,114,27,18,1618,-1360.0,,,,,,,
872,2018-04,Données définitives,Bretagne,239,,1,,0,0,48,135,21,32,1758,-1522.0,,,,,,,
873,2018-04,Données définitives,Centre-Val de Loire,6412,6190.0,0,,0,0,18,138,28,35,1373,5038.0,,,,,,,
874,2018-04,Données définitives,France,42705,30591.0,1201,245.0,119,835,6976,2154,973,808,36236,5597.0,7903.0,2305.0,1030.0,1037.0,1460.0,1127.0,940.0
875,2018-04,Données définitives,Ile-de-France,122,,3,0.0,2,0,1,8,8,100,5297,-5175.0,,,,,,,
876,2018-04,Données définitives,Occitanie,3609,1590.0,3,,0,3,1490,261,209,54,2875,554.0,,,,,,,
877,2018-04,Données définitives,Normandie,5440,5068.0,194,12.0,24,157,13,113,13,37,2187,3252.0,,,,,,,
878,2018-04,Données définitives,Hauts-de-France,3501,2460.0,404,0.0,1,402,1,534,14,86,3843,-342.0,,,,,,,
879,2018-04,Données définitives,PACA,1589,,42,-1.0,11,32,1227,8,156,155,3087,-1498.0,,,,,,,
880,2018-04,Données définitives,Pays-de-la-Loire,388,,200,183.0,7,9,3,103,49,31,2128,-1739.0,,,,,,,
882,2018-05,Données définitives,Nouvelle-Aquitaine,4046,3090.0,28,,10,17,390,86,315,135,3092,953.0,,,,,,,
883,2018-05,Données définitives,Auvergne-Rhône-Alpes,10106,6387.0,23,5.0,17,0,3440,66,104,84,4876,4878.0,,,,,,,
884,2018-05,Données définitives,Bourgogne-Franche-Comté,188,,20,,0,19,50,68,32,16,1545,-1362.0,,,,,,,
885,2018-05,Données définitives,Bretagne,213,,1,,1,0,48,97,29,37,1534,-1325.0,,,,,,,
886,2018-05,Données définitives,Centre-Val de Loire,6968,6772.0,0,,0,0,13,105,39,39,1264,5704.0,,,,,,,
887,2018-05,Données définitives,France,42701,30580.0,868,156.0,125,587,7724,1599,1105,823,33949,7851.0,9468.0,1616.0,1297.0,1870.0,1576.0,464.0,2642.0
888,2018-05,Données définitives,Ile-de-France,128,,1,0.0,1,0,6,6,11,102,5005,-4877.0,,,,,,,
889,2018-05,Données définitives,Occitanie,3218,1186.0,0,,0,0,1483,268,219,59,2706,300.0,,,,,,,
890,2018-05,Données définitives,Normandie,4247,3818.0,282,83.0,31,167,13,69,19,43,1944,2302.0,,,,,,,
891,2018-05,Données définitives,Hauts-de-France,3244,2472.0,273,2.0,1,269,1,385,19,91,3683,-439.0,,,,,,,
892,2018-05,Données définitives,PACA,1633,,44,-2.0,6,40,1324,5,158,100,2878,-1247.0,,,,,,,
893,2018-05,Données définitives,Pays-de-la-Loire,257,,63,53.0,8,0,2,88,68,35,1915,-1657.0,,,,,,,
895,2018-06,Données définitives,Nouvelle-Aquitaine,3835,2866.0,25,,9,16,359,108,349,125,2896,939.0,,,,,,,
896,2018-06,Données définitives,Auvergne-Rhône-Alpes,9853,6146.0,24,5.0,17,2,3410,61,132,78,4716,4872.0,,,,,,,
897,2018-06,Données définitives,Bourgogne-Franche-Comté,209,,18,,0,18,67,65,38,19,1488,-1281.0,,,,,,,
898,2018-06,Données définitives,Bretagne,189,,1,,1,0,43,83,26,34,1445,-1260.0,,,,,,,
899,2018-06,Données définitives,Centre-Val de Loire,5876,5695.0,0,,0,0,12,98,38,31,1214,4661.0,,,,,,,
900,2018-06,Données définitives,France,40680,28621.0,1135,272.0,140,722,7588,1366,1248,719,32553,7357.0,8507.0,1150.0,1057.0,1568.0,1731.0,440.0,2559.0
901,2018-06,Données définitives,Ile-de-France,126,,2,0.0,2,0,5,5,10,101,4764,-4638.0,,,,,,,
902,2018-06,Données définitives,Occitanie,2692,672.0,0,,0,0,1508,191,268,50,2543,-46.0,,,,,,,
903,2018-06,Données définitives,Normandie,4670,4188.0,354,224.0,21,108,11,59,18,39,1842,2828.0,,,,,,,
904,2018-06,Données définitives,Hauts-de-France,3058,2235.0,370,4.0,0,366,1,348,18,83,3530,-471.0,,,,,,,
905,2018-06,Données définitives,PACA,1652,,85,-1.0,9,77,1315,7,187,56,2853,-1202.0,,,,,,,
906,2018-06,Données définitives,Pays-de-la-Loire,245,,63,31.0,13,18,2,82,65,31,1831,-1585.0,,,,,,,
908,2018-07,Données définitives,Nouvelle-Aquitaine,4512,3740.0,25,,9,16,161,66,387,131,3211,1300.0,,,,,,,
909,2018-07,Données définitives,Auvergne-Rhône-Alpes,8870,5946.0,31,4.0,16,10,2622,47,144,79,4990,3658.0,,,,,,,
910,2018-07,Données définitives,Bourgogne-Franche-Comté,147,,19,,0,19,18,47,41,19,1529,-1383.0,,,,,,,
911,2018-07,Données définitives,Bretagne,193,,3,,3,0,46,79,29,35,1489,-1300.0,,,,,,,
912,2018-07,Données définitives,Centre-Val de Loire,6345,6191.0,0,,0,0,1,75,41,34,1297,5047.0,,,,,,,
913,2018-07,Données définitives,France,41173,29954.0,2669,582.0,186,1899,5285,1078,1394,792,34514,6011.0,7720.0,1708.0,1300.0,1746.0,1703.0,-124.0,1385.0
914,2018-07,Données définitives,Ile-de-France,146,,5,0.0,4,1,4,4,12,119,4899,-4753.0,,,,,,,
915,2018-07,Données définitives,Occitanie,2386,823.0,0,,0,0,1042,157,303,59,2911,-688.0,,,,,,,
916,2018-07,Données définitives,Normandie,5530,5222.0,202,57.0,23,121,6,44,20,34,1901,3629.0,,,,,,,
917,2018-07,Données définitives,Hauts-de-France,3646,2524.0,757,1.0,0,756,0,253,20,89,3604,42.0,,,,,,,
918,2018-07,Données définitives,PACA,1263,,125,-1.0,11,115,826,4,215,90,3204,-1941.0,,,,,,,
919,2018-07,Données définitives,Pays-de-la-Loire,698,,536,366.0,12,156,0,60,71,28,1915,-1217.0,,,,,,,
921,2018-08,Données définitives,Nouvelle-Aquitaine,4335,3637.0,32,,10,22,67,85,379,133,3123,1212.0,,,,,,,
922,2018-08,Données définitives,Auvergne-Rhône-Alpes,8232,5791.0,66,4.0,12,49,2109,64,131,69,4561,3400.0,,,,,,,
923,2018-08,Données définitives,Bourgogne-Franche-Comté,163,,21,,0,20,18,65,38,19,1403,-1241.0,,,,,,,
924,2018-08,Données définitives,Bretagne,174,,1,,1,0,49,62,24,36,1466,-1296.0,,,,,,,
925,2018-08,Données définitives,Centre-Val de Loire,6211,6034.0,0,,0,0,0,93,39,43,1253,4958.0,,,,,,,
926,2018-08,Données définitives,France,37215,27290.0,2531,498.0,209,1823,3914,1397,1285,795,32384,4142.0,6593.0,2450.0,1141.0,1119.0,914.0,154.0,812.0
927,2018-08,Données définitives,Ile-de-France,140,,13,0.0,10,2,4,6,10,106,4386,-4245.0,,,,,,,
928,2018-08,Données définitives,Occitanie,1814,618.0,0,,0,0,648,208,275,64,2843,-1222.0,,,,,,,
929,2018-08,Données définitives,Normandie,5756,5344.0,273,119.0,30,124,8,67,17,44,1816,3939.0,,,,,,,
930,2018-08,Données définitives,Hauts-de-France,3514,2237.0,784,1.0,0,783,0,378,18,95,3351,162.0,,,,,,,
931,2018-08,Données définitives,PACA,1064,,200,0.0,13,187,575,5,193,89,3134,-2070.0,,,,,,,
932,2018-08,Données définitives,Pays-de-la-Loire,536,,379,364.0,12,1,0,61,66,28,1783,-1246.0,,,,,,,
934,2018-09,Données définitives,Nouvelle-Aquitaine,4446,3751.0,31,,10,21,110,100,327,125,2947,1498.0,,,,,,,
935,2018-09,Données définitives,Auvergne-Rhône-Alpes,7978,6285.0,61,6.0,15,39,1385,55,117,73,4657,2942.0,,,,,,,
936,2018-09,Données définitives,Bourgogne-Franche-Comté,229,,45,,0,44,60,70,34,19,1479,-1252.0,,,,,,,
937,2018-09,Données définitives,Bretagne,225,,0,,0,0,48,120,23,32,1459,-1238.0,,,,,,,
938,2018-09,Données définitives,Centre-Val de Loire,5805,5596.0,7,,0,7,0,124,34,42,1213,4591.0,,,,,,,
939,2018-09,Données définitives,France,38804,30096.0,2166,347.0,181,1637,3037,1582,1134,787,32620,5355.0,7429.0,2073.0,870.0,1270.0,1603.0,181.0,1430.0
940,2018-09,Données définitives,Ile-de-France,120,,0,0.0,0,0,3,7,9,99,4693,-4573.0,,,,,,,
941,2018-09,Données définitives,Occitanie,2538,1576.0,0,,0,0,495,164,244,57,2592,-229.0,,,,,,,
942,2018-09,Données définitives,Normandie,5831,5536.0,144,-1.0,30,115,8,89,16,35,1918,3913.0,,,,,,,
943,2018-09,Données définitives,Hauts-de-France,2809,1760.0,546,3.0,2,539,0,400,15,86,3628,-818.0,,,,,,,
944,2018-09,Données définitives,PACA,1078,,266,0.0,15,250,511,5,174,121,2800,-1721.0,,,,,,,
945,2018-09,Données définitives,Pays-de-la-Loire,406,,221,208.0,11,1,0,97,57,29,1808,-1401.0,,,,,,,
947,2018-10,Données définitives,Nouvelle-Aquitaine,4043,3394.0,59,,10,48,90,155,217,126,3318,724.0,,,,,,,
948,2018-10,Données définitives,Auvergne-Rhône-Alpes,7868,6149.0,176,7.0,18,150,1266,110,83,82,5260,2210.0,,,,,,,
949,2018-10,Données définitives,Bourgogne-Franche-Comté,228,,43,,0,43,19,114,24,26,1708,-1480.0,,,,,,,
950,2018-10,Données définitives,Bretagne,246,,4,,1,2,44,151,18,27,1746,-1505.0,,,,,,,
951,2018-10,Données définitives,Centre-Val de Loire,5478,5220.0,10,,0,10,0,177,25,45,1408,4069.0,,,,,,,
952,2018-10,Données définitives,France,42305,31609.0,3766,799.0,176,2791,2941,2446,766,773,37052,4371.0,6657.0,2285.0,765.0,230.0,1305.0,1496.0,573.0
953,2018-10,Données définitives,Ile-de-France,135,,11,0.0,1,9,4,10,7,101,5533,-5398.0,,,,,,,
954,2018-10,Données définitives,Occitanie,3025,1844.0,1,,0,1,601,359,155,63,2813,6.0,,,,,,,
955,2018-10,Données définitives,Normandie,5394,5062.0,150,-4.0,30,124,8,119,13,40,2246,3148.0,,,,,,,
956,2018-10,Données définitives,Hauts-de-France,4466,3112.0,687,3.0,1,681,0,572,12,80,4127,339.0,,,,,,,
957,2018-10,Données définitives,PACA,1546,,819,-2.0,19,803,524,9,111,81,2849,-1303.0,,,,,,,
958,2018-10,Données définitives,Pays-de-la-Loire,755,,538,522.0,14,1,0,141,43,32,2108,-1353.0,,,,,,,
960,2018-11,Données définitives,Nouvelle-Aquitaine,5293,4562.0,189,,10,179,103,166,136,135,4042,1250.0,,,,,,,
961,2018-11,Données définitives,Auvergne-Rhône-Alpes,8152,5924.0,340,8.0,20,312,1649,98,46,94,5962,1771.0,,,,,,,
962,2018-11,Données définitives,Bourgogne-Franche-Comté,286,,109,,0,108,12,121,13,29,1970,-1683.0,,,,,,,
963,2018-11,Données définitives,Bretagne,408,,132,,3,129,42,193,11,27,2138,-1734.0,,,,,,,
964,2018-11,Données définitives,Centre-Val de Loire,4883,4581.0,62,,0,62,1,185,13,39,1750,3132.0,,,,,,,
965,2018-11,Données définitives,France,46396,32649.0,5691,522.0,189,4979,3985,2790,458,819,43814,1679.0,5216.0,3536.0,701.0,-131.0,830.0,568.0,-288.0
966,2018-11,Données définitives,Ile-de-France,481,,353,0.0,14,338,3,10,4,108,6759,-6278.0,,,,,,,
967,2018-11,Données définitives,Occitanie,3291,1810.0,54,,0,54,967,294,98,65,3403,-307.0,,,,,,,
968,2018-11,Données définitives,Normandie,4880,4380.0,283,1.0,26,255,8,161,7,38,2621,2259.0,,,,,,,
969,2018-11,Données définitives,Hauts-de-France,5135,3021.0,1269,9.0,6,1253,0,755,7,81,4732,403.0,,,,,,,
970,2018-11,Données définitives,PACA,2029,,1051,31.0,20,1000,831,8,62,74,3436,-1407.0,,,,,,,
971,2018-11,Données définitives,Pays-de-la-Loire,634,,402,236.0,20,145,0,172,26,33,2564,-1929.0,,,,,,,
973,2018-12,Données définitives,Nouvelle-Aquitaine,5561,4745.0,182,,10,171,205,215,71,142,4318,1243.0,,,,,,,
974,2018-12,Données définitives,Auvergne-Rhône-Alpes,11320,8345.0,265,7.0,21,237,2451,119,33,104,6685,4234.0,,,,,,,
975,2018-12,Données définitives,Bourgogne-Franche-Comté,416,,130,,0,129,69,184,7,24,2088,-1675.0,,,,,,,
976,2018-12,Données définitives,Bretagne,475,,174,,2,171,51,213,4,31,2293,-1823.0,,,,,,,
977,2018-12,Données définitives,Centre-Val de Loire,7256,6875.0,67,,0,67,3,263,7,40,1980,5276.0,,,,,,,
978,2018-12,Données définitives,France,53400,38882.0,4562,231.0,217,4112,5159,3605,325,865,47562,5007.0,8180.0,3173.0,1230.0,910.0,1730.0,1377.0,-240.0
979,2018-12,Données définitives,Ile-de-France,472,,336,0.0,9,326,6,15,1,112,7234,-6761.0,,,,,,,
980,2018-12,Données définitives,Occitanie,3164,1763.0,64,,0,64,858,324,82,69,3867,-907.0,,,,,,,
981,2018-12,Données définitives,Normandie,5034,4467.0,306,39.0,30,235,14,205,3,36,2782,2251.0,,,,,,,
982,2018-12,Données définitives,Hauts-de-France,5979,3936.0,992,9.0,9,973,1,962,3,82,4901,1078.0,,,,,,,
983,2018-12,Données définitives,PACA,1741,,765,-2.0,21,746,803,8,79,84,4078,-2340.0,,,,,,,
984,2018-12,Données définitives,Pays-de-la-Loire,608,,345,81.0,22,241,2,216,11,32,2736,-2127.0,,,,,,,
986,2019-01,Données définitives,Nouvelle-Aquitaine,5630,4814.0,219,,10,209,201,149,93,151,5098,532.0,,,,,,,
987,2019-01,Données définitives,Auvergne-Rhône-Alpes,11990,9036.0,428,8.0,28,391,2274,114,34,102,7599,4078.0,,,,,,,
988,2019-01,Données définitives,Bourgogne-Franche-Comté,377,,127,,1,126,97,123,8,20,2407,-2036.0,,,,,,,
989,2019-01,Données définitives,Bretagne,415,,200,,10,189,46,132,5,30,2559,-2149.0,,,,,,,
990,2019-01,Données définitives,Centre-Val de Loire,8016,7662.0,88,,0,88,5,213,8,38,2247,5768.0,,,,,,,
991,2019-01,Données définitives,France,55916,40157.0,6544,425.0,299,5819,4990,2957,387,878,54112,1030.0,5644.0,4614.0,974.0,311.0,1391.0,947.0,-2594.0
992,2019-01,Données définitives,Ile-de-France,523,,390,0.0,8,382,6,10,2,113,8092,-7568.0,,,,,,,
993,2019-01,Données définitives,Occitanie,3446,1899.0,68,,0,67,854,464,93,66,4657,-1354.0,,,,,,,
994,2019-01,Données définitives,Normandie,4819,4253.0,364,47.0,42,274,10,145,3,41,3114,1705.0,,,,,,,
995,2019-01,Données définitives,Hauts-de-France,6311,4035.0,1403,4.0,7,1390,1,768,3,99,5381,929.0,,,,,,,
996,2019-01,Données définitives,PACA,2226,,1174,0.0,21,1152,861,17,95,77,4670,-2449.0,,,,,,,
997,2019-01,Données définitives,Pays-de-la-Loire,728,,528,105.0,23,399,2,146,15,34,3109,-2381.0,,,,,,,
999,2019-02,Données définitives,Nouvelle-Aquitaine,5365,4345.0,187,,9,177,330,154,211,136,4015,1350.0,,,,,,,
1000,2019-02,Données définitives,Auvergne-Rhône-Alpes,10917,8160.0,276,7.0,24,244,2228,89,71,90,6218,4439.0,,,,,,,
1001,2019-02,Données définitives,Bourgogne-Franche-Comté,391,,116,,1,115,95,129,21,28,2014,-1628.0,,,,,,,
1002,2019-02,Données définitives,Bretagne,429,,176,,4,172,48,159,11,33,2125,-1700.0,,,,,,,
1003,2019-02,Données définitives,Centre-Val de Loire,7991,7674.0,69,,0,69,11,178,20,36,1817,6173.0,,,,,,,
1004,2019-02,Données définitives,France,50270,36089.0,4978,241.0,205,4530,5062,2612,727,800,44341,5288.0,7883.0,2594.0,1231.0,1539.0,1841.0,1413.0,-736.0
1005,2019-02,Données définitives,Ile-de-France,422,,301,0.0,5,296,6,9,4,100,6637,-6214.0,,,,,,,
1006,2019-02,Données définitives,Occitanie,2730,1258.0,59,,0,59,925,262,159,63,3620,-1021.0,,,,,,,
1007,2019-02,Données définitives,Normandie,5123,4477.0,440,120.0,37,282,12,151,8,31,2611,2512.0,,,,,,,
1008,2019-02,Données définitives,Hauts-de-France,5274,3335.0,1102,6.0,7,1089,1,741,8,84,4549,725.0,,,,,,,
1009,2019-02,Données définitives,PACA,1830,,817,-2.0,20,799,804,6,125,76,3796,-1970.0,,,,,,,
1010,2019-02,Données définitives,Pays-de-la-Loire,560,,343,5.0,20,317,2,152,31,30,2564,-2003.0,,,,,,,
1012,2019-03,Données définitives,Nouvelle-Aquitaine,5388,4167.0,164,,10,153,343,258,301,153,3893,1494.0,,,,,,,
1013,2019-03,Données définitives,Auvergne-Rhône-Alpes,10421,7488.0,182,3.0,27,151,2407,140,103,99,6063,3990.0,,,,,,,
1014,2019-03,Données définitives,Bourgogne-Franche-Comté,514,,101,,1,100,114,235,30,32,1989,-1480.0,,,,,,,
1015,2019-03,Données définitives,Bretagne,538,,185,,1,184,44,253,17,37,2111,-1576.0,,,,,,,
1016,2019-03,Données définitives,Centre-Val de Loire,7715,7221.0,70,,0,70,9,343,28,41,1789,5925.0,,,,,,,
1017,2019-03,Données définitives,France,50556,35497.0,3429,20.0,227,3181,5174,4490,1041,922,43223,6565.0,9037.0,2472.0,1371.0,2021.0,1841.0,1632.0,-300.0
1018,2019-03,Données définitives,Ile-de-France,445,,266,0.0,4,261,7,19,7,145,6472,-6026.0,,,,,,,
1019,2019-03,Données définitives,Occitanie,2714,1125.0,58,,1,56,829,397,231,72,3323,-736.0,,,,,,,
1020,2019-03,Données définitives,Normandie,5983,5369.0,313,-5.0,38,281,12,236,11,39,2597,3385.0,,,,,,,
1021,2019-03,Données définitives,Hauts-de-France,5359,3236.0,767,2.0,7,757,1,1247,11,94,4664,695.0,,,,,,,
1022,2019-03,Données définitives,PACA,1407,,467,-2.0,13,456,663,10,184,81,3469,-2070.0,,,,,,,
1023,2019-03,Données définitives,Pays-de-la-Loire,560,,226,-1.0,22,205,3,250,46,34,2531,-1970.0,,,,,,,
1025,2019-04,Données définitives,Nouvelle-Aquitaine,4596,3713.0,25,,10,15,285,144,289,137,3428,1168.0,,,,,,,
1026,2019-04,Données définitives,Auvergne-Rhône-Alpes,8263,5920.0,64,4.0,19,40,1991,106,95,84,5281,2685.0,,,,,,,
1027,2019-04,Données définitives,Bourgogne-Franche-Comté,306,,43,,0,43,71,124,32,34,1733,-1433.0,,,,,,,
1028,2019-04,Données définitives,Bretagne,239,,2,,1,0,45,137,15,38,1849,-1614.0,,,,,,,
1029,2019-04,Données définitives,Centre-Val de Loire,6821,6563.0,8,,0,8,3,173,30,42,1482,5339.0,,,,,,,
1030,2019-04,Données définitives,France,42896,31756.0,2267,24.0,219,2024,4540,2504,1014,812,38078,4268.0,6433.0,2165.0,655.0,1304.0,1176.0,831.0,300.0
1031,2019-04,Données définitives,Ile-de-France,118,,2,0.0,2,0,7,11,7,90,5494,-5376.0,,,,,,,
1032,2019-04,Données définitives,Occitanie,3214,1729.0,1,,1,0,829,359,233,62,3091,80.0,,,,,,,
1033,2019-04,Données définitives,Normandie,5599,5184.0,223,-4.0,35,192,11,132,12,34,2287,3312.0,,,,,,,
1034,2019-04,Données définitives,Hauts-de-France,3955,2617.0,623,0.0,1,621,6,608,10,88,4081,-126.0,,,,,,,
1035,2019-04,Données définitives,PACA,1322,,421,-2.0,16,407,649,9,177,64,3264,-1945.0,,,,,,,
1036,2019-04,Données définitives,Pays-de-la-Loire,375,,156,-7.0,18,145,2,138,42,35,2186,-1810.0,,,,,,,
1038,2019-05,Données définitives,Nouvelle-Aquitaine,5081,4056.0,33,,10,22,330,149,366,145,3234,1847.0,,,,,,,
1039,2019-05,Données définitives,Auvergne-Rhône-Alpes,9442,6544.0,55,5.0,19,30,2497,119,136,90,5054,4051.0,,,,,,,
1040,2019-05,Données définitives,Bourgogne-Franche-Comté,278,,19,,0,19,69,122,42,23,1669,-1394.0,,,,,,,
1041,2019-05,Données définitives,Bretagne,221,,0,,0,0,47,105,28,38,1634,-1417.0,,,,,,,
1042,2019-05,Données définitives,Centre-Val de Loire,6633,6370.0,5,,0,4,4,168,40,45,1373,5260.0,,,,,,,
1043,2019-05,Données définitives,France,43668,31668.0,2027,3.0,151,1872,5566,2248,1326,830,35599,7294.0,8587.0,1293.0,1144.0,1090.0,1691.0,1236.0,2131.0
1044,2019-05,Données définitives,Ile-de-France,121,,0,0.0,1,0,7,10,12,91,5264,-5142.0,,,,,,,
1045,2019-05,Données définitives,Occitanie,3332,1628.0,1,,1,0,959,394,285,62,2720,408.0,,,,,,,
1046,2019-05,Données définitives,Normandie,5998,5629.0,206,-5.0,25,185,10,90,21,40,2115,3882.0,,,,,,,
1047,2019-05,Données définitives,Hauts-de-France,3510,2491.0,415,2.0,1,412,0,494,20,87,3888,-377.0,,,,,,,
1048,2019-05,Données définitives,PACA,1592,,518,-1.0,16,503,767,11,211,83,2973,-1382.0,,,,,,,
1049,2019-05,Données définitives,Pays-de-la-Loire,420,,183,-4.0,10,177,1,129,70,35,1972,-1551.0,,,,,,,
1051,2019-06,Données définitives,Nouvelle-Aquitaine,4770,3896.0,29,,7,22,230,103,390,120,2957,1813.0,,,,,,,
1052,2019-06,Données définitives,Auvergne-Rhône-Alpes,9849,6593.0,94,4.0,19,69,2868,68,152,71,4625,4927.0,,,,,,,
1053,2019-06,Données définitives,Bourgogne-Franche-Comté,218,,17,,0,17,37,97,47,18,1477,-1259.0,,,,,,,
1054,2019-06,Données définitives,Bretagne,209,,0,,0,0,47,94,31,34,1484,-1281.0,,,,,,,
1055,2019-06,Données définitives,Centre-Val de Loire,5743,5509.0,0,,0,0,2,145,44,41,1240,4502.0,,,,,,,
1056,2019-06,Données définitives,France,40213,28560.0,1830,13.0,158,1658,5770,1871,1441,737,32571,6977.0,8084.0,1107.0,851.0,815.0,1713.0,1363.0,2232.0
1057,2019-06,Données définitives,Ile-de-France,120,,1,0.0,1,0,4,8,14,91,4748,-4627.0,,,,,,,
1058,2019-06,Données définitives,Occitanie,2668,1259.0,2,,2,0,824,218,306,58,2549,-75.0,,,,,,,
1059,2019-06,Données définitives,Normandie,5487,5158.0,160,-4.0,23,140,8,95,23,40,1879,3607.0,,,,,,,
1060,2019-06,Données définitives,Hauts-de-France,2904,1748.0,521,4.0,0,516,0,524,24,86,3516,-611.0,,,,,,,
1061,2019-06,Données définitives,PACA,1526,,403,0.0,14,388,827,5,223,66,2926,-1400.0,,,,,,,
1062,2019-06,Données définitives,Pays-de-la-Loire,313,,95,-2.0,8,89,0,104,77,35,1796,-1482.0,,,,,,,
1064,2019-07,Données définitives,Nouvelle-Aquitaine,4490,3728.0,26,,6,20,72,104,433,124,3252,1238.0,,,,,,,
1065,2019-07,Données définitives,Auvergne-Rhône-Alpes,10272,7556.0,125,5.0,16,102,2283,54,170,81,4915,5152.0,,,,,,,
1066,2019-07,Données définitives,Bourgogne-Franche-Comté,196,,19,,0,19,15,91,53,17,1529,-1333.0,,,,,,,
1067,2019-07,Données définitives,Bretagne,230,,1,,1,0,48,104,37,38,1530,-1306.0,,,,,,,
1068,2019-07,Données définitives,Centre-Val de Loire,5415,5177.0,0,,0,0,0,142,49,44,1354,4060.0,,,,,,,
1069,2019-07,Données définitives,France,40585,29195.0,2942,71.0,208,2662,4387,1716,1558,784,34606,5431.0,7208.0,1776.0,965.0,772.0,1933.0,591.0,1167.0
1070,2019-07,Données définitives,Ile-de-France,156,,16,0.0,3,13,3,9,15,111,4756,-4599.0,,,,,,,
1071,2019-07,Données définitives,Occitanie,2550,1415.0,0,,0,0,530,211,325,67,2988,-577.0,,,,,,,
1072,2019-07,Données définitives,Normandie,4796,4471.0,182,10.0,29,142,4,82,27,28,1907,2889.0,,,,,,,
1073,2019-07,Données définitives,Hauts-de-France,3760,2427.0,768,1.0,0,766,0,444,24,94,3617,142.0,,,,,,,
1074,2019-07,Données définitives,PACA,1563,,618,0.0,15,602,641,4,228,70,3331,-1769.0,,,,,,,
1075,2019-07,Données définitives,Pays-de-la-Loire,488,,256,38.0,13,204,0,111,86,34,1931,-1443.0,,,,,,,
